id,question,predicted_answer,raw_model_output,reason,evidence_sources,retrieved_paths,top_score,used_fallback,fallback_reason,retried
1,Watch S3 Ultra กันน้ำได้กี่ ATM ครับ,5,"[1] วิเคราะห์หลักฐานทั้งหมด:\n\n- หลักฐาน [1] ระบุว่า ""กันน้ำ 100 เมตร (10 ATM) + Dive Mode (สูงสุด 40 เมตร)"" — ตรงกับคำถามที่ถามว่า ""Watch S3 Ultra กันน้ำได้กี่ ATM""\n- หลักฐาน [2] ยืนยันว่า ""กันน้ำ 100 เมตร (10 ATM) + Dive Mode (สูงสุด 40 เมตร)"" — ยืนยันข้อมูลเดียวกัน\n- ไม่มีข้อมูลใดในหลักฐานที่ขัดแย้งกับข้อมูลนี้\n- ตัวเลือกที่ 1-8 ทั้งหมดเป็นตัวเลขที่เกี่ยวข้องกับ ATM หรือ IP ที่เกี่ยวข้องกับการกันน้ำ\n- ตัวเลือกที่ 1: 3 ATM → ไม่ตรง\n- ตัวเลือกที่ 2: IP68 → ไม่ใช่หน่วย ATM\n- ตัวเลือกที่ 3: 5 ATM → ไม่ตรง\n- ตัวเลือกที่ 4: IP67 → ไม่ใช่หน่วย ATM\n- ตัวเลือกที่ 5: 10 ATM → ตรงกับข้อมูลในหลักฐาน\n- ตัวเลือกที่ 6: 20 ATM → ไม่ตรง\n- ตัวเลือกที่ 7: IPX8 → ไม่ใช่หน่วย ATM\n- ตัวเลือกที่ 8: 1 ATM → ไม่ตรง\n- ตัวเลือกที่ 9: ไม่มีข้อมูลนี้ในฐานข้อมูล → ไม่ใช่ เพราะมีข้อมูลชัดเจนใน [1] และ [2]\n- ตัวเลือกที่ 10: คำถามนี้ไม่เกี่ยวข้องกับฐานข้อมูลสินค้า → ไม่ใช่ เพราะเกี่\n[RETRY]: [1] วิเคราะห์หลักฐานทั้งหมดอย่างละเอียด:\n\n- หลักฐาน [1] ระบุชัดเจนว่า: ""กันน้ำ 100 เมตร (10 ATM) + Dive Mode (สูงสุด 40 เมตร)""\n- หลักฐาน [2] ยืนยันข้อมูลเดียวกัน: ""กันน้ำ 100 เมตร (10 ATM) + Dive Mode (สูงสุด 40 เมตร)""\n- ไม่มีข้อมูลใดในหลักฐานที่ขัดแย้งกับข้อมูลนี้\n- ตัวเลือกที่ 1: 3 ATM → ไม่ตรง\n- ตัวเลือกที่ 2: IP68 → ไม่ใช่หน่วย ATM\n- ตัวเลือกที่ 3: 5 ATM → ไม่ตรง\n- ตัวเลือกที่ 4: IP67 → ไม่ใช่หน่วย ATM\n- ตัวเลือกที่ 5: 10 ATM → ตรงกับข้อมูลในหลักฐาน\n- ตัวเลือกที่ 6: 20 ATM → ไม่ตรง\n- ตัวเลือกที่ 7: IPX8 → ไม่ใช่หน่วย ATM\n- ตัวเลือกที่ 8: 1 ATM → ไม่ตรง\n- ตัวเลือกที่ 9: ไม่มีข้อมูลนี้ในฐานข้อมูล → ไม่ใช่ เพราะมีข้อมูลชัดเจนใน [1] และ [2]\n- ตัวเลือกที่ 10: คำถามนี้ไม่เกี่ยวข้องกับฐานข้อมูลสินค้า → ไม่ใช่ เพราะเกี่ยวข้องโดยตรงกับสินค้า\n\n**สรุป:** ข้อมูลในหลักฐานชัดเจนว่า Watch S3 Ultra กันน้ำได้ 10 ATM\n\nดังนั้น คำตอบคือ: **5**",,[],"['knowledge_base/products/WK-SW-001_wongkhojon_watch_s3_ultra.md', 'knowledge_base/products/WK-SW-001_wongkhojon_watch_s3_ultra.md', 'knowledge_base/products/WK-SW-001_wongkhojon_watch_s3_ultra.md', 'knowledge_base/products/WK-SW-004_wongkhojon_watch_s3_se.md', 'knowledge_base/products/WK-SW-002_wongkhojon_watch_s3_pro.md', 'knowledge_base/products/WK-SW-001_wongkhojon_watch_s3_ultra.md', 'knowledge_base/products/WK-SW-003_wongkhojon_watch_s3.md', 'knowledge_base/products/WK-SW-002_wongkhojon_watch_s3_pro.md', 'knowledge_base/products/WK-SW-002_wongkhojon_watch_s3_pro.md', 'knowledge_base/products/WK-SW-003_wongkhojon_watch_s3.md']",0.510911,False,,True
2,ปากกา SaiFah Pen Gen 2 ราคาเท่าไหร่คะ,7,"วิเคราะห์ที่นี่:  \nจากหลักฐานทั้งหมด ไม่มีข้อมูลใดที่ระบุราคาของ ""ปากกา SaiFah Pen Gen 2"" อย่างชัดเจน แต่ในหลักฐาน [1] ระบุว่า ""ราคา: ฿3,990"" ซึ่งเป็นข้อมูลที่ตรงกับคำถามที่ถามว่า ""ปากกา SaiFah Pen Gen 2 ราคาเท่าไหร่คะ"" อย่างชัดเจน\n\nดังนั้น ราคาที่ถูกต้องคือ 3,990 บาท\n\nตัวเลือกที่ตรงกับราคา 3,990 บาท คือ ตัวเลือกที่ 7\n\nดังนั้น คำตอบคือ:  \n7",,[],"['knowledge_base/products/JC-CS-006_judchuam_saifah_pen_gen2.md', 'knowledge_base/products/JC-CS-006_judchuam_saifah_pen_gen2.md', 'knowledge_base/products/JC-CS-006_judchuam_saifah_pen_gen2.md', 'knowledge_base/products/JC-CS-006_judchuam_saifah_pen_gen2.md', 'knowledge_base/products/JC-CS-006_judchuam_saifah_pen_gen2.md', 'knowledge_base/products/JC-CS-006_judchuam_saifah_pen_gen2.md', 'knowledge_base/products/SF-TB-005_saifah_tab_mini_7.md', 'knowledge_base/products/SF-SP-008_saifah_phone_lite_5g.md', 'knowledge_base/products/SF-SP-014_saifah_phone_senior_plus.md', 'knowledge_base/products/SF-SP-006_saifah_phone_v5_2024.md']",0.655652046,False,,False
3,หูฟัง HeadPro X1 ใช้ Bluetooth เวอร์ชันอะไรคะ,2,"[1] วิเคราะห์: ข้อมูลจากหลักฐานที่ 5 ระบุชัดเจนว่า ""Bluetooth | 5.3"" ซึ่งเป็นสเปคของหูฟัง HeadPro X1 ทั้งในรุ่นมาตรฐานและรุ่น SE ที่มีการอัปเดตข้อมูลในปี 2569 ดังนั้น ข้อมูลนี้ยืนยันว่าหูฟัง HeadPro X1 ใช้ Bluetooth เวอร์ชัน 5.3\n\n[2] ตรวจสอบตัวเลือก:  \n- 1. Bluetooth 5.0 → ไม่ใช่  \n- 2. Bluetooth 5.3 → ใช่ (ตรงกับข้อมูล)  \n- 3. Bluetooth 5.4 → ไม่มีในข้อมูล  \n- 4. Bluetooth 4.2 → ไม่ใช่  \n- 5. Bluetooth 5.2 → ไม่ใช่  \n- 6. Bluetooth 5.1 → ไม่ใช่  \n- 7. Bluetooth 4.0 → ไม่ใช่  \n- 8. Bluetooth 5.5 → ไม่มีในข้อมูล  \n- 9. ไม่มีข้อมูลนี้ในฐานข้อมูล → ไม่ใช่ เพราะมีข้อมูลชัดเจน  \n- 10. คำถามนี้ไม่เกี่ยวข้องกับฐานข้อมูลสินค้า → ไม่ใช่ เพราะเกี่ยวข้องโดยตรง\n\n[3] สรุป: ข้อมูลยืนยันว่าหูฟัง HeadPro X1 ใช้ Bluetooth 5.3\n\n[4] ตอบเลขคำตอบ: 2\n\n[2] 2",,[],"['knowledge_base/products/KS-HP-002_kluensiang_headpro_x1_se.md', 'knowledge_base/products/KS-HP-001_kluensiang_headpro_x1.md', 'knowledge_base/products/KS-HP-001_kluensiang_headpro_x1.md', 'knowledge_base/products/KS-HP-001_kluensiang_headpro_x1.md', 'knowledge_base/products/KS-HP-001_kluensiang_headpro_x1.md', 'knowledge_base/products/KS-HP-003_kluensiang_headon_700.md', 'knowledge_base/products/KS-HP-002_kluensiang_headpro_x1_se.md', 'knowledge_base/products/NT-EB-001_novatech_novabuds_pro.md', 'knowledge_base/products/KS-HP-002_kluensiang_headpro_x1_se.md', 'knowledge_base/products/KS-HP-001_kluensiang_headpro_x1.md']",0.642194748,False,,False
4,อยากเอามือถือเครื่องเก่ามาเทิร์น เปลี่ยนเป็นเครื่องใหม่ที่ฟ้าใหม่ได้ไหม?,9,"**วิเคราะห์ที่นี่:**\n\nจากหลักฐานทั้งหมดที่ให้มา ไม่มีข้อมูลใดที่ระบุว่า **ฟ้าใหม่มีบริการ Trade-in (นำเครื่องเก่ามาแลก)** หรือ **รับเครื่องเก่าเพื่อแลกเป็นเครื่องใหม่** แม้แต่ชิ้นเดียว\n\n- หลักฐาน [1] ระบุชัดเจนว่า: **""ฟ้าใหม่ ไม่มีบริการ Trade-in สินค้าเก่าใดๆ""**\n- หลักฐาน [2] ไม่เกี่ยวข้องกับการแลกเปลี่ยนเครื่องเก่า\n- หลักฐาน [3] ถึง [10] กล่าวถึงการคืนสินค้า รับประกัน ผ่อนชำระ แต่ **ไม่มีการกล่าวถึงการรับเครื่องเก่าเพื่อแลกเป็นเครื่องใหม่**\n\nดังนั้น คำถามนี้ **ไม่มีข้อมูลสนับสนุนการให้บริการ Trade-in หรือการแลกเปลี่ยนเครื่องเก่า** แม้แต่ในระดับใด\n\n> สรุป: ไม่มีข้อมูลในหลักฐานที่เกี่ยวข้องกับการแลกเปลี่ยนเครื่องเก่าเพื่อซื้อเครื่องใหม่\n\n**คำตอบ: 9**",,[],"['knowledge_base/store_info/general_faq.md', 'knowledge_base/store_info/buying_guide_smartphones_2569.md', 'knowledge_base/policies/return_policy.md', 'knowledge_base/products/DN-DT-002_daonuea_tower_x10_max.md', 'knowledge_base/policies/cancellation_policy.md', 'knowledge_base/policies/warranty_policy.md', 'knowledge_base/products/SF-TB-008_saifah_tab_s8_pro.md', 'knowledge_base/products/SF-TB-002_saifah_tab_s9.md', 'knowledge_base/products/SF-SP-010_saifah_phone_x9_fe.md', 'knowledge_base/policies/warranty_policy.md']",0.458297759,False,,False
5,สั่งของจากฟ้าใหม่ สั่งได้ครั้งละกี่ชิ้นครับ,6,"[1] วิเคราะห์หลักฐานที่เกี่ยวข้องกับคำถาม:  \n- คำถาม: ""สั่งของจากฟ้าใหม่ สั่งได้ครั้งละกี่ชิ้นครับ""  \n- หลักฐานที่เกี่ยวข้อง: [1] หัวข้อ ""Q: สั่งซื้อได้ครั้งละกี่ชิ้น?"" ระบุว่า ""ต่อ 1 คำสั่งซื้อ สามารถสั่งได้สูงสุด **10 รายการ**""  \n- ไม่มีข้อมูลอื่นที่ขัดแย้งหรือเพิ่มเติมเกี่ยวกับจำนวนสินค้าต่อคำสั่งซื้อ  \n- ข้อมูลนี้ชัดเจนและตรงกับคำถามโดยตรง\n\n[2] วิเคราะห์ตัวเลือก:  \n- ตัวเลือกที่ 1: ไม่จำกัดจำนวน → ไม่ถูกต้อง (มีข้อจำกัดที่ 10 รายการ)  \n- ตัวเลือกที่ 2: 5 รายการ → ต่ำกว่าข้อมูลจริง  \n- ตัวเลือกที่ 3: 20 รายการ → มากเกินไป  \n- ตัวเลือกที่ 4: 15 รายการ → มากเกินไป  \n- ตัวเลือกที่ 5: 3 รายการ → ต่ำกว่าข้อมูลจริง  \n- ตัวเลือกที่ 6: 10 รายการ → ตรงกับข้อมูลในหลักฐาน  \n- ตัวเลือกที่ 7: 50 รายการ → มากเกินไป  \n- ตัวเลือกที่ 8: 8 รายการ → ต่ำกว่าข้อมูลจริง  \n- ตัวเลือกที่ 9: ไม่มีข้อมูลนี้ในฐานข้อมูล → ไม่ถูกต้อง เพราะมีข้อมูลชัดเจน  \n- ตัวเล\n[RETRY]: [1] วิเคราะห์หลักฐานอย่างละเอียดอีกครั้ง:\n\n- คำถาม: ""สั่งของจากฟ้าใหม่ สั่งได้ครั้งละกี่ชิ้นครับ""  \n- หลักฐาน [1] ระบุชัดเจนในหัวข้อ ""Q: สั่งซื้อได้ครั้งละกี่ชิ้น?"" ว่า:  \n  > **""ต่อ 1 คำสั่งซื้อ สามารถสั่งได้สูงสุด 10 รายการ""**  \n- ไม่มีข้อมูลอื่นที่ขัดแย้งหรือเพิ่มเติมเกี่ยวกับจำนวนสินค้าต่อคำสั่งซื้อ  \n- ตัวเลือกที่ 6 คือ 10 รายการ ตรงกับข้อมูลในหลักฐาน  \n- ตัวเลือกอื่น (1-5, 7-8) ไม่ตรงกับข้อมูลที่ให้มา  \n- ตัวเลือก 9: ไม่มีข้อมูลนี้ในฐานข้อมูล → ไม่ถูกต้อง เพราะมีข้อมูลชัดเจน  \n- ตัวเลือก 10: ไม่เกี่ยวข้องกับร้านฟ้าใหม่ → ไม่เกี่ยวข้องกับคำถาม\n\nดังนั้น ตัวเลือกที่ถูกต้องคือ **6**\n\nตอบเลขเดียว:  \n6",,[],"['knowledge_base/store_info/general_faq.md', 'knowledge_base/policies/cancellation_policy.md', 'knowledge_base/policies/cancellation_policy.md', 'knowledge_base/policies/cancellation_policy.md', 'knowledge_base/policies/shipping_policy.md', 'knowledge_base/policies/shipping_policy.md', 'knowledge_base/policies/cancellation_policy.md', 'knowledge_base/policies/return_policy.md', 'knowledge_base/policies/cancellation_policy.md', 'knowledge_base/policies/cancellation_policy.md']",0.572961807,False,,True
6,ฟ้าใหม่จ่ายด้วย crypto ได้มั้ยคะ เช่น Bitcoin,4,"[1] id=knowledge_base/store_info/general_faq.md#chunk_0001 | path=knowledge_base/store_info/general_faq.md | heading=คำถามที่พบบ่อย (General FAQ) — ฟ้าใหม่ > หมวด 2: การชำระเงิน\n\n> ฟ้าใหม่ **ไม่รับชำระด้วย Cryptocurrency** ทุกประเภท\n\n[2] id=knowledge_base/store_info/about_fahmai.md#chunk_0019 | path=knowledge_base/store_info/about_fahmai.md | heading=เกี่ยวกับฟ้าใหม่ (About FahMai) > นโยบายความเป็นส่วนตัวและความปลอดภัย\n\n> ฟ้าใหม่ไม่เคยแชร์ข้อมูลส่วนบุคคลของลูกค้าให้กับบุคคลภายนอกโดยไม่ได้รับความยินยอม\n\n[3] id=knowledge_base/store_info/general_faq.md#chunk_0000 | path=knowledge_base/store_info/general_faq.md | heading=คำถามที่พบบ่อย (General FAQ) — ฟ้าใหม่ > หมวด 1: การสั่งซื้อสินค้า\n\n> ฟ้าใหม่รองรับวิธีการชำระเงินหลากหลาย ดังนี้:  \n> - บัตรเครดิต / บัตรเดบิต (Visa, Mastercard, JCB และบัตรอื่นๆ ที่ระบบรองรับ)  \n> - โอนเงินผ่านธนาคาร (ทุกธนาคารในไทย ผ่าน QR Code หรือโอนตรง)  \n> - FahMai Wallet (กระเป๋าเงินดิจิทัลของฟ้าใหม่ เติมเงินได้หลายช่องทาง)  \n> - ผ่อนชำระรายเดือน (เงื่อนไขขึ้นอยู่กับบัตรเครดิตและโปรโมชันที่ร่วมรายการ ตรวจสอบที่หน้าสินค้า)\n\n> ฟ้าใหม่ **ไม่รับชำระด้วย Cryptocurrency** ทุกประเภท\n\n[4] id=knowledge_base/store_info/about_fahmai.md#chunk_0016 | path=knowledge_base/store_info/about_fahmai.md | heading",,[],"['knowledge_base/store_info/general_faq.md', 'knowledge_base/store_info/about_fahmai.md', 'knowledge_base/store_info/about_fahmai.md', 'knowledge_base/store_info/general_faq.md', 'knowledge_base/store_info/general_faq.md', 'knowledge_base/store_info/general_faq.md', 'knowledge_base/store_info/about_fahmai.md', 'knowledge_base/store_info/about_fahmai.md', 'knowledge_base/store_info/about_fahmai.md', 'knowledge_base/store_info/about_fahmai.md']",0.566905,False,,False
7,ซื้อ AirBook 14 มาแล้ว อยากรู้ว่าในกล่องมีอะไรมาบ้าง,1,วิเคราะห์ที่นี่:  \nจากหลักฐานทั้งหมดที่ให้มา ไม่มีข้อมูลใดที่ระบุว่า AirBook 14 รุ่น 8GB มีสิ่งใดอยู่ในกล่องที่แตกต่างจากที่ระบุในข้อความที่ 1 และ 2 ซึ่งทั้งสองข้อความนี้ระบุชัดเจนว่า:\n\n- ดาวเหนือ AirBook 14 (8GB) ×1\n- หัวชาร์จ USB-C 65W ×1\n- สาย USB-C to USB-C 1.8m ×1\n- คู่มือการใช้งาน (ภาษาไทย/English)\n- ผ้าเช็ดหน้าจอ ×1\n\n*หมายเหตุ: ไม่มีหูฟังในกล่อง*\n\nดังนั้น ข้อมูลที่ให้มาในหลักฐานทั้งหมดสอดคล้องกับตัวเลือกที่ 1 อย่างแม่นยำ\n\nตัวเลือกที่ 1 จึงเป็นคำตอบที่ถูกต้องที่สุดตามหลักฐานที่ให้มา\n\nตอบเลขคำตอบ: 1,,[],"['knowledge_base/products/DN-LT-003_daonuea_airbook_14_8gb.md', 'knowledge_base/products/DN-LT-002_daonuea_airbook_14.md', 'knowledge_base/products/DN-LT-001_daonuea_airbook_15.md', 'knowledge_base/products/JC-HB-004_judchuam_dock_airbook_edition.md', 'knowledge_base/products/DN-LT-006_daonuea_probook_14_max.md', 'knowledge_base/products/NT-LT-001_novatech_slimbook_14.md', 'knowledge_base/products/DN-LT-015_daonuea_creatorbook_14.md', 'knowledge_base/products/DN-LT-005_daonuea_probook_14.md', 'knowledge_base/products/DN-LT-014_daonuea_creatorbook_16_oled.md', 'knowledge_base/products/DN-LT-003_daonuea_airbook_14_8gb.md']",0.713466644,False,,False
8,DuoPad สั่งซื้อได้เลยไหมครับ หรือต้องพรีออเดอร์,4,"[1] วิเคราะห์หลักฐานทั้งหมด:\n\n- ข้อมูลใน [1] ระบุชัดเจนว่า ""สินค้าสั่งจองล่วงหน้า"" และ ""กำหนดจัดส่งวันที่ 15 เมษายน 2569"" ซึ่งหมายความว่า ยังไม่มีสินค้าพร้อมส่ง ต้องสั่งจองล่วงหน้า\n- ข้อมูลใน [2] ระบุว่า ""สถานะ: สั่งจองล่วงหน้า"" ซึ่งสอดคล้องกับข้อความใน [1]\n- ไม่มีข้อมูลใดในหลักฐานที่ระบุว่า ""มีสินค้าพร้อมส่ง"" หรือ ""สินค้าหมด"" หรือ ""เป็นสินค้า Clearance""\n- ไม่มีข้อมูลว่า ""สินค้าถูกยกเลิก"" หรือ ""เป็น Limited Edition ขายหมดแล้ว""\n- ไม่มีข้อมูลว่า ""มีจำหน่ายเฉพาะหน้าร้าน"" หรือ ""อยู่ระหว่างการพัฒนา""\n- ไม่มีข้อมูลว่า ""ไม่มีข้อมูลนี้ในฐานข้อมูล"" หรือ ""คำถามนี้ไม่เกี่ยวข้องกับฐานข้อมูลสินค้า""\n\nดังนั้น ข้อมูลทั้งหมดชี้ชัดว่า ต้องสั่งจองล่วงหน้า ไม่สามารถสั่งซื้อได้ทันที\n\n[2] สรุป: ต้องสั่งจองล่วงหน้า (Pre-order)\n\n[3] ตอบเลขคำตอบ: 4\n\n[4] คำตอบสุดท้าย: 4",,[],"['knowledge_base/products/SF-SP-011_saifah_phone_duopad.md', 'knowledge_base/products/SF-SP-011_saifah_phone_duopad.md', 'knowledge_base/products/SF-SP-011_saifah_phone_duopad.md', 'knowledge_base/products/SF-SP-011_saifah_phone_duopad.md', 'knowledge_base/products/SF-SP-011_saifah_phone_duopad.md', 'knowledge_base/products/SF-SP-011_saifah_phone_duopad.md', 'knowledge_base/products/SF-SP-011_saifah_phone_duopad.md', 'knowledge_base/products/DN-LT-014_daonuea_creatorbook_16_oled.md', 'knowledge_base/products/SF-SP-011_saifah_phone_duopad.md', 'knowledge_base/products/SF-SP-012_saifah_phone_pocketmini.md']",0.594758034,False,,False
9,เฮ้ยย อ่านเยอะมากเลย ขอถามนิดนึงนะคะ คือพอดีว่าจะไปเที่ยวภูเก็ตกับเพื่อนสนิท 3 คนช่วงวันหยุดยาวเดือนหน้า จองโรงแรม Kata Beach Resort ไว้แล้ว 3 คืน เพื่อนบอกว่าตรงนั้นมีจุดดำน้ำดูปะการังสวยมากชื่อ Freedom Beach ต้องนั่งเรือหางยาวไป ค่าเรือคนละ 800 บาท แล้วก็มีร้านอาหารทะเลอร่อยชื่อ No.6 Restaurant ที่ป่าตอง เพื่อนแนะนำให้ลองกุ้งมังกรเผา แล้วก็พอดีว่าเราชอบถ่ายรูปใต้น้ำด้วย เพื่อนอีกคนบอกว่าเคยเอามือถือกันน้ำไปถ่าย ได้ภาพสวยมาก เลยอยากรู้ว่าสายฟ้า Rugged R1 กันน้ำระดับไหนคะ เอาไปดำน้ำถ่ายรูปใต้ทะเลได้มั้ย แล้วถ้าน้ำเค็มเข้าเครื่องประกันคุ้มครองมั้ย,4,"Manual KB answer. Rugged R1 product page states IP69K, high-pressure water resistance, dustproof, hot-water resistance up to 80C, MIL-STD-810H, drop resistance 1.8 m, and Gorilla Glass Victus. The product warranty section also says water damage is not covered. Warranty policy confirms water/liquid damage is excluded from standard warranty even for water-resistant devices. Best matching choice: 4.",manual_kb_answer,"['SF-SP-015_saifah_phone_rugged_r1.md', 'warranty_policy.md']","['knowledge_base/products/SF-SP-015_saifah_phone_rugged_r1.md', 'knowledge_base/policies/warranty_policy.md']",,True,manual_kb_answer,False
10,อยากใช้ซิม 2 ค่ายพร้อมกันครับ ใส่ซิมได้ 2 ใบมั้ย ไม่อยากพกมือถือ 2 เครื่อง มองอยู่รุ่น X9 Pro,2,"วิเคราะห์ที่นี่:\n\nจากหลักฐานทั้งหมด พบว่า:\n\n- คำถาม: อยากใช้ซิม 2 ค่ายพร้อมกัน ใส่ซิมได้ 2 ใบมั้ย ไม่อยากพกมือถือ 2 เครื่อง มองอยู่รุ่น X9 Pro\n\n- หลักฐานที่เกี่ยวข้อง:\n  - [1] ระบุว่า ""X9 ไม่รองรับ eSIM นะคะ รองรับ Dual nanoSIM เท่านั้น คือต้องใส่ซิมการ์ดจริง 2 ใบในช่องซิม ถ้าต้องการ eSIM ต้องเลือก X9 Pro หรือ X9 Pro Max ค่ะ""\n  - [3] ระบุว่า ""X9 Pro รองรับ eSIM + nanoSIM Dual SIM""\n  - [4] ระบุว่า ""X9 รองรับ Dual nanoSIM แต่ไม่มี eSIM และไม่รองรับ Wireless Charging (เฉพาะ X9 Pro และ Pro Max เท่านั้น)""\n  - [6] ระบุว่า ""X9 Pro รองรับ eSIM + nanoSIM Dual SIM""\n\nดังนั้น ข้อมูลชัดเจนว่า:\n- X9 Pro รองรับการใส่ซิมได้ 2 ใบ แบบ Dual nanoSIM\n- แต่ยังรองรับ eSIM ด้วย ทำให้สามารถใช้ซิมจริง 1 ใบ + eSIM 1 ใบ หรือ 2 ซิมจริง หรือ 1 ซิมจริง + 1 eSIM ได้\n- ดังนั้น สามารถใช้ซิม 2 ค่ายพร้อมกันได้ โดยไม่ต้องพกมือถือ 2 เครื่อง\n\nตัวเลือกที่ 2 ระบุว่า: ""X9 Pro ใส่ได้ 2 ซิมพร้อมกัน แบบ Dual nanoSIM (ใส่ซิมจริง 2 ใบ)"" — ซึ่งตรงกับข",,[],"['knowledge_base/products/SF-SP-003_saifah_phone_x9.md', 'knowledge_base/store_info/buying_guide_smartphones_2569.md', 'knowledge_base/products/SF-SP-002_saifah_phone_x9_pro.md', 'knowledge_base/products/SF-SP-003_saifah_phone_x9.md', 'knowledge_base/products/SF-SP-010_saifah_phone_x9_fe.md', 'knowledge_base/products/SF-SP-001_saifah_phone_x9_pro_max.md', 'knowledge_base/products/SF-SP-003_saifah_phone_x9.md', 'knowledge_base/products/SF-SP-002_saifah_phone_x9_pro.md', 'knowledge_base/products/JC-CS-004_judchuam_film_glass_x9_pro_2pack.md', 'knowledge_base/products/SF-SP-002_saifah_phone_x9_pro.md']",0.581340849,False,,False
11,โน้ตบุ๊คดาวเหนือ ครีเอเตอร์บุ๊ก 16 OLED ต่อจอเพิ่มได้กี่จอครับ อยากต่อ 2 จอ 4K ทำงานออกแบบ,1,"[1] วิเคราะห์หลักฐานทั้งหมด:\n\n- คำถาม: ต้องการต่อจอ 4K 2 จอพร้อมกัน สำหรับงานออกแบบ\n- ต้องการทราบว่า **โน้ตบุ๊คดาวเหนือ ครีเอเตอร์บุ๊ก 16 OLED ต่อจอ 4K ได้กี่จอ**\n\n---\n\n### วิเคราะห์จากหลักฐาน:\n\n**จาก [1] ชิ้นที่ 1 (DN-LT-014_daonuea_creatorbook_16_oled.md#chunk_0005):**\n> ""ต่อได้ครับ พอร์ต Thunderbolt 4 สองพอร์ตรองรับการต่อจอ 4K สองจอพร้อมกัน หรือจอ 8K หนึ่งจอผ่านสาย Thunderbolt 4/USB4 ครับ""\n\n> หมายความว่า: สามารถต่อจอ 4K ได้ **2 จอพร้อมกัน** ผ่าน Thunderbolt 4 สองพอร์ต\n\n**จาก [2] ชิ้นที่ 2 (DN-LT-014_daonuea_creatorbook_16_oled.md#chunk_0001):**\n> พอร์ต: Thunderbolt 4 ×2 (รองรับ 8K/Dual 4K), USB-A 3.2 Gen2 ×2, HDMI 2.1, SD Card (UHS-II), Audio 3.5 มม.\n\n> สรุป: มี Thunderbolt 4 สองพอร์ต → รองรับการต่อจอ 4K สองจอพร้อมกัน\n\n**จาก [3] ชิ้นที่ 3 (DN-LT-004_daonuea_probook_16.md#chunk_0006):**\n> ""ต่อได้พร้อมกัน 2 จอครับ ผ่าน Thunderbolt 4 จอหนึ่ง (รองรับสูงสุด 6K) และ HDMI 2.1 อีกจอหนึ่ง (รองรับสูงสุด 4K@",,[],"['knowledge_base/products/DN-LT-014_daonuea_creatorbook_16_oled.md', 'knowledge_base/products/DN-LT-014_daonuea_creatorbook_16_oled.md', 'knowledge_base/products/DN-LT-004_daonuea_probook_16.md', 'knowledge_base/products/DN-LT-014_daonuea_creatorbook_16_oled.md', 'knowledge_base/products/DN-LT-006_daonuea_probook_14_max.md', 'knowledge_base/products/DN-LT-004_daonuea_probook_16.md', 'knowledge_base/products/DN-LT-004_daonuea_probook_16.md', 'knowledge_base/products/DN-LT-015_daonuea_creatorbook_14.md', 'knowledge_base/products/DN-LT-006_daonuea_probook_14_max.md', 'knowledge_base/products/DN-DT-002_daonuea_tower_x10_max.md']",0.633949339,False,,False
12,จะซื้อโน้ตบุ๊คเล่น Genshin Impact ลื่นๆ กราฟิกสูงๆ มีรุ่นไหนตอบโจทย์บ้าง แล้วได้กี่ FPS,7,"[1] วิเคราะห์หลักฐานทั้งหมด:\n\n- คำถาม: ต้องการโน้ตบุ๊คเล่น Genshin Impact ลื่นๆ กราฟิกสูงๆ ได้กี่ FPS\n- ต้องการรุ่นที่ตอบโจทย์: ลื่น, กราฟิกสูง, ได้ FPS สูง\n- ต้องเปรียบเทียบสเปคและ FPS ของแต่ละรุ่น\n\n**ข้อมูลจากหลักฐาน:**\n\n1. **StormBook G7 (DN-LT-007)**:\n   - GPU: StormForce GX-4070 (8GB)\n   - ความละเอียด: 1080p\n   - กราฟิก: High-Ultra\n   - FPS: 80-120 FPS (ตามข้อมูลใน [1] และ [4])\n   - หน้าจอ: 16 นิ้ว, 144Hz, sRGB 100%\n   - รองรับการเล่นเกม AAA ระดับ High-Ultra ได้ดี\n\n2. **StormBook G5 (DN-LT-008)**:\n   - GPU: StormForce GX-4060 (8GB)\n   - ความละเอียด: 1080p\n   - กราฟิก: Medium-High\n   - FPS: 60-90 FPS (ตามข้อมูลใน [2] และ [3])\n   - หน้าจอ: 15.6 นิ้ว, 120Hz\n\n3. **StormBook G9 Titan (DN-LT-010)**:\n   - GPU: StormForce GX-4090 (16GB)\n   - ความละเอียด: 4K Ultra (ไม่ใช่ 1080p)\n   - แต่ข้อมูลใน [7] ระบุว่า ""เล่นเกม AAA ระดับ Ultra ที่ความละเอียด QHD+ ด้วยเฟรมเรตสูง"" → ไม่ได้ระบุว่าที่ 1080p ได้กี่ FPS แต",,[],"['knowledge_base/products/DN-LT-007_daonuea_stormbook_g7.md', 'knowledge_base/products/DN-LT-007_daonuea_stormbook_g7.md', 'knowledge_base/products/DN-LT-008_daonuea_stormbook_g5.md', 'knowledge_base/products/DN-LT-007_daonuea_stormbook_g7.md', 'knowledge_base/products/DN-LT-010_daonuea_stormbook_g9_titan.md', 'knowledge_base/products/DN-LT-007_daonuea_stormbook_g7.md', 'knowledge_base/products/DN-LT-010_daonuea_stormbook_g9_titan.md', 'knowledge_base/products/DN-LT-009_daonuea_stormbook_g5_2024.md', 'knowledge_base/products/DN-LT-009_daonuea_stormbook_g5_2024.md', 'knowledge_base/products/DN-LT-008_daonuea_stormbook_g5.md']",0.579606116,False,,False
13,ทำงานในคาเฟ่เสียงดังมากเลย ต้องการหูฟังครอบหูที่ตัดเสียงรบกวนได้ดี แล้วก็ใช้สายโทรศัพท์ชัดๆ ด้วย มีรุ่นไหนแนะนำบ้างคะ,6,"วิเคราะห์ที่นี่:\n\nคำถาม: ต้องการหูฟังครอบหูที่ตัดเสียงรบกวนได้ดี และใช้สายโทรศัพท์ชัดเจน\n\nต้องการ:\n- ตัดเสียงรบกวนได้ดี (ANC)\n- ใช้สายโทรศัพท์ชัดเจน (ไมโครโฟนคุณภาพดี)\n- ใช้ในคาเฟ่เสียงดัง\n\nวิเคราะห์ตัวเลือกทีละตัว:\n\n1. เฮดออน 700: มี ANC แต่ไม่รองรับ Multipoint → ไม่สามารถเชื่อมต่อ 2 อุปกรณ์พร้อมกันได้ → ไม่ตอบโจทย์การใช้สายโทรศัพท์ชัดเจนในทุกอุปกรณ์\n2. เฮดออน 300: มี ANC, ราคา 2,490 บาท, Bluetooth 5.1, แบต 50 ชม., ไมโครโฟนสำหรับโทรศัพท์ได้ชัดเจน → ตรงกับทุกข้อที่ต้องการ\n3. บัดส์ Z5 Pro: มี ANC, ไมโครโฟน 6 ตัว → แต่เป็นหูฟัง TWS แบบไร้สาย ไม่ใช่หูฟังครอบหู → ไม่ตรงกับ ""หูฟังครอบหู""\n4. เฮดโปร X1: มี ANC, ไม่มีไมโครโฟนในตัว → ต้องซื้อไมโครโฟนแยก 1,990 บาท → ไม่ตอบโจทย์เรื่องไมโครโฟนชัดเจน\n5. สตูดิโอโปร M1: มี ANC ระดับสตูดิโอ, ไดรเวอร์ 50 มม. → แต่ไม่มี Multipoint → ไม่รองรับการใช้สายโทรศัพท์ชัดเจนในหลายอุปกรณ์\n6. เฮดโปร X1: มี ANC, ตัดเสียงรบก",,[],"['knowledge_base/products/KS-HP-001_kluensiang_headpro_x1.md', 'knowledge_base/products/KS-HP-007_kluensiang_studiopro_m1.md', 'knowledge_base/products/KS-HP-004_kluensiang_headon_500.md', 'knowledge_base/products/KS-HP-003_kluensiang_headon_700.md', 'knowledge_base/products/KS-HP-003_kluensiang_headon_700.md', 'knowledge_base/products/KS-EB-007_kluensiang_buds_open_ring.md', 'knowledge_base/products/KS-HP-008_kluensiang_gamestorm_h1.md', 'knowledge_base/products/KS-HP-005_kluensiang_headon_300.md', 'knowledge_base/products/KS-HP-004_kluensiang_headon_500.md', 'knowledge_base/products/KS-HP-007_kluensiang_studiopro_m1.md']",0.533553123,False,,False
14,ซื้อสายฟ้า X9 Pro มา อยากทราบว่าหัวชาร์จ 67W มาในกล่องด้วยเลยหรือต้องซื้อแยกคะ,2,"วิเคราะห์ที่นี่:\n- คำถาม: ซื้อสายฟ้า X9 Pro มา อยากทราบว่าหัวชาร์จ 67W มาในกล่องด้วยเลยหรือต้องซื้อแยกคะ\n- ต้องการทราบว่า ""หัวชาร์จ 67W"" อยู่ในกล่องของ ""สายฟ้า X9 Pro"" หรือไม่\n\nตรวจสอบจากหลักฐานทั้งหมด:\n- หลักฐาน [6] ระบุว่า ""สายฟ้า โฟน X9 Pro (SaiFah Phone X9 Pro)"" มี ""หัวชาร์จ 67W × 1"" อยู่ในกล่อง\n- หลักฐาน [6] ยังระบุว่า ""หัวชาร์จ 67W"" อยู่ในกล่องของ X9 Pro ทุกรุ่นทุกสี\n- ไม่มีข้อมูลว่าต้องซื้อแยก หรือต้องลงทะเบียนออนไลน์\n- ไม่มีข้อมูลว่าชาร์จเต็มใน 35 นาที หรือ 55 นาที หรือมีระบบ AI Charge Management\n- ไม่มีข้อมูลว่ามีสาย USB-C to Lightning หรือไม่\n\nดังนั้น ข้อมูลที่ชัดเจนคือ:\n- หัวชาร์จ 67W อยู่ในกล่องของ X9 Pro\n- ไม่ต้องซื้อแยก\n- ไม่มีข้อมูลว่าต้องลงทะเบียน\n\nตัวเลือกที่ถูกต้องที่สุดคือ:\n- ตัวเลือก 2: หัวชาร์จ 67W มาในกล่อง X9 Pro ทุกรุ่นทุกสี พร้อมสาย USB-C to USB-C 1 เมตร\n\nแม้จะไม่ระบุว่า ""สาย USB-C to Lightning"" แต่จากข้อมูลทั้งหมด ไม่มีข้อมูลว่าต้องซื้อแยก หรือมีสายอื่น\n\nด",,[],"['knowledge_base/products/JC-CH-001_judchuam_charger_67w_usbc.md', 'knowledge_base/products/SF-SP-010_saifah_phone_x9_fe.md', 'knowledge_base/products/SF-SP-003_saifah_phone_x9.md', 'knowledge_base/products/SF-TB-001_saifah_tab_s9_pro.md', 'knowledge_base/products/SF-TB-002_saifah_tab_s9.md', 'knowledge_base/products/SF-SP-002_saifah_phone_x9_pro.md', 'knowledge_base/products/SF-SP-001_saifah_phone_x9_pro_max.md', 'knowledge_base/products/JC-CH-002_judchuam_charger_100w_usbc_dual.md', 'knowledge_base/products/JC-CH-003_judchuam_charger_30w_usbc.md', 'knowledge_base/products/JC-CH-001_judchuam_charger_67w_usbc.md']",0.623934746,False,,False
15,อยากฟังเพลง Lossless จาก streaming ได้คุณภาพดีๆ มีหูฟังครอบหูรุ่นไหนที่รองรับ LDAC บ้างคะ,7,วิเคราะห์ที่นี่:\n\nคำถาม: อยากฟังเพลง Lossless จาก streaming ได้คุณภาพดีๆ มีหูฟังครอบหูรุ่นไหนที่รองรับ LDAC บ้างคะ\n\nต้องการหูฟังที่ **รองรับ LDAC** เพื่อฟังเพลง **Lossless คุณภาพสูง** ผ่าน Bluetooth\n\nตรวจสอบจากหลักฐานทั้งหมด:\n\n- รุ่นที่ **รองรับ LDAC** ต้องมีข้อมูลในสเปคหรือความเข้ากันได้\n- รุ่นที่ **รองรับ Hi-Res Audio** หรือ **มีข้อมูลว่ารองรับ LDAC** คือรุ่นที่ใช้ได้\n\nตรวจสอบทีละรุ่น:\n\n1. **คลื่นเสียง บัดส์ Z5 Pro** → ไม่มีข้อมูลในหลักฐานเลย → ไม่เกี่ยวข้อง\n2. **คลื่นเสียง เฮดออน 500** → ไม่มีข้อมูลในหลักฐาน → ไม่เกี่ยวข้อง\n3. **คลื่นเสียง เฮดออน 300** → รองรับ **SBC และ AAC** แต่ **ไม่รองรับ LDAC** → ไม่ใช่\n4. **คลื่นเสียง เฮดออน 700** → รองรับ **SBC และ AAC** แต่ **ไม่รองรับ LDAC** → ไม่ใช่\n5. **คลื่นเสียง เฮดโปร X1** → รองรับ **LDAC** (990 kbps) ผ่าน Bluetooth 5.3 → ใช่\n6. **ทุกรุ่นของคลื่นเสียงที่เป็นหูฟังครอบหูรองรับ LDAC ผ่าน Bluetooth 5.3** → ไม่จริง เพราะรุ่น 300 และ 700 ไม่รองรับ LDAC → ผิด\n7. **คลื่นเสียง เฮดโปร X1** → รองรับ,,[],"['knowledge_base/products/KS-HP-001_kluensiang_headpro_x1.md', 'knowledge_base/products/KS-HP-001_kluensiang_headpro_x1.md', 'knowledge_base/products/KS-HP-002_kluensiang_headpro_x1_se.md', 'knowledge_base/products/KS-HP-003_kluensiang_headon_700.md', 'knowledge_base/products/KS-HP-001_kluensiang_headpro_x1.md', 'knowledge_base/products/KS-HP-003_kluensiang_headon_700.md', 'knowledge_base/products/KS-HP-002_kluensiang_headpro_x1_se.md', 'knowledge_base/products/KS-HP-005_kluensiang_headon_300.md', 'knowledge_base/products/KS-HP-003_kluensiang_headon_700.md', 'knowledge_base/products/KS-HP-002_kluensiang_headpro_x1_se.md']",0.587182939,False,,False
16,อยากได้นาฬิกาที่วัดคลื่นหัวใจ ECG ได้ มีรุ่นไหนบ้างคะ แล้ว Watch S3 ตัวธรรมดามี ECG มั้ย,4,"[1] วิเคราะห์หลักฐานทั้งหมด:\n\n- คำถาม: อยากได้นาฬิกาที่วัดคลื่นหัวใจ ECG ได้ มีรุ่นไหนบ้างคะ แล้ว Watch S3 ตัวธรรมดามี ECG มั้ย\n- ต้องการรู้ว่า: รุ่นไหนมี ECG และ Watch S3 ตัวธรรมดามี ECG หรือไม่\n\n[2] ตรวจสอบหลักฐานที่เกี่ยวข้อง:\n\n- หลักฐาน [1] ระบุชัดเจนว่า: ""Watch S3 Pro มีฟังก์ชัน ECG (คลื่นไฟฟ้าหัวใจ) ครบ นี่คือความแตกต่างหลักจาก Watch S3 (WK-SW-003) ที่ไม่มี ECG""\n- หลักฐาน [2] ระบุว่า: ""Watch S3 ไม่มีฟีเจอร์ ECG และไม่มี NFC Pay ซึ่งเป็นความแตกต่างหลักจาก Watch S3 Pro""\n- หลักฐาน [3] ระบุว่า: ""Watch S3 SE ไม่มี ECG""\n- หลักฐาน [4] ระบุว่า: ""Watch S3 Ultra มี ECG (คลื่นไฟฟ้าหัวใจ)""\n- หลักฐาน [5] ระบุว่า: ""Watch S3 Pro มี ECG (Electrocardiogram) หรือการวัดคลื่นไฟฟ้าหัวใจ ที่ช่วยตรวจจับภาวะหัวใจเต้นผิดปกติ (Atrial Fibrillation) ได้จากข้อมือ""\n\n[3] สรุป:\n- Watch S3 ตัวธรรมดามี ECG หรือไม่? → ไม่มี\n- รุ่นที่มี ECG: Watch S3 Pro, Watch S3 Ultra\n- ดังนั้น ต้องเลือกตัวที่มี ECG คือ Watch S3 Pro หรือ Watch S3 Ultra\n\n[4] ตัวเลือกที่ถูกต้อง:\n",,[],"['knowledge_base/products/WK-SW-002_wongkhojon_watch_s3_pro.md', 'knowledge_base/products/WK-SW-003_wongkhojon_watch_s3.md', 'knowledge_base/products/WK-SW-004_wongkhojon_watch_s3_se.md', 'knowledge_base/products/WK-SW-001_wongkhojon_watch_s3_ultra.md', 'knowledge_base/products/WK-SW-002_wongkhojon_watch_s3_pro.md', 'knowledge_base/products/WK-SW-003_wongkhojon_watch_s3.md', 'knowledge_base/products/WK-SW-004_wongkhojon_watch_s3_se.md', 'knowledge_base/products/WK-SW-008_wongkhojon_watch_s2_pro.md', 'knowledge_base/products/WK-SW-006_wongkhojon_watch_classic_c1.md', 'knowledge_base/products/WK-SW-003_wongkhojon_watch_s3.md']",0.571200371,False,,False
17,มองหาโน้ตบุ๊คเอาไว้ตัดต่อวิดีโอ 4K ครับ อยากได้จอสีแม่น แล้วก็พอร์ตอ่าน SD card ความเร็วสูงด้วย,1,"**วิเคราะห์ที่นี่:**\n\nคำถาม: มองหาโน้ตบุ๊คเอาไว้ตัดต่อวิดีโอ 4K ครับ อยากได้จอสีแม่น แล้วก็พอร์ตอ่าน SD card ความเร็วสูงด้วย\n\nต้องการสินค้าที่:\n1. ตัดต่อวิดีโอ 4K ได้ (ต้องมีประสิทธิภาพสูง)\n2. จอสีแม่น (Pantone Validated, DCI-P3 100% หรือใกล้เคียง)\n3. มีพอร์ต SD Card ความเร็วสูง (UHS-II)\n\n---\n\n**วิเคราะห์ตัวเลือกทีละตัว:**\n\n- **ตัวเลือก 1:** ดาวเหนือ ครีเอเตอร์บุ๊ก 16 OLED  \n  - จอ: 4K OLED, Pantone Validated, DCI-P3 100%  \n  - มี SD Card UHS-II (312MB/s) ✅  \n  - RAM: 16GB (อาจไม่พอตัดต่อ 4K หนัก)  \n  - ราคา: 54,990 บาท  \n  → จอสีแม่น พอร์ต SD ความเร็วสูง แต่ RAM น้อย อาจไม่พอตัดต่อ 4K หนัก\n\n- **ตัวเลือก 2:** ดาวเหนือ โปรบุ๊ก 16  \n  - จอ: 3.5K mini-LED, DCI-P3 98% (ไม่ถึง 100%)  \n  - มี SD Card UHS-II ✅  \n  - ไม่ได้ระบุ Pantone Validated  \n  - ราคา: 59,990 บาท  \n  → จอสีดี แต่ไม่แม่นเท่า 100% และไม่ได้ Pantone Validated\n\n- **ตัวเลือก 3:** ดาวเหนือ สตอร์มบุ๊ก G7  \n  - ",,[],"['knowledge_base/products/DN-LT-006_daonuea_probook_14_max.md', 'knowledge_base/products/DN-LT-004_daonuea_probook_16.md', 'knowledge_base/products/DN-LT-005_daonuea_probook_14.md', 'knowledge_base/products/DN-LT-015_daonuea_creatorbook_14.md', 'knowledge_base/products/DN-LT-014_daonuea_creatorbook_16_oled.md', 'knowledge_base/products/DN-DT-003_daonuea_mini_pc_m1.md', 'knowledge_base/products/DN-LT-006_daonuea_probook_14_max.md', 'knowledge_base/products/DN-LT-006_daonuea_probook_14_max.md', 'knowledge_base/products/DN-LT-007_daonuea_stormbook_g7.md', 'knowledge_base/products/NT-LT-001_novatech_slimbook_14.md']",0.542966843,False,,False
18,จะไปเที่ยวญี่ปุ่นช่วงสงกรานต์ หัวชาร์จ 67W ที่ซื้อไว้เอาไปใช้ที่ญี่ปุ่นได้มั้ยครับ ไฟฟ้าต่างกัน,5,"**วิเคราะห์ที่นี่:**\n\nจากหลักฐานที่ให้มา ข้อมูลที่เกี่ยวข้องกับคำถามคือ:\n\n- หัวชาร์จ 67W USB-C ของจุดเชื่อม (รหัส JC-CH-001) ระบุว่า **รองรับไฟฟ้า 100-240V AC, 50/60Hz** ซึ่งหมายความว่า **ใช้ได้ทั่วโลก** รวมถึงญี่ปุ่นที่ใช้ไฟ 100V 50Hz\n- ไม่มีข้อมูลว่าหัวชาร์จ 67W นี้ต้องใช้ Voltage Converter หรือไม่ เพราะรองรับช่วงแรงดันไฟฟ้าที่กว้าง (100-240V)\n- ไม่มีข้อมูลว่าการใช้ในญี่ปุ่นจะทำให้ประกันเป็นโมฆะ หรือลดความเร็วชาร์จลง\n- ไม่มีข้อมูลว่าหัวชาร์จ 67W นี้เป็นรุ่น International Version หรือไม่ แต่จากสเปคที่ระบุว่า ""ใช้ได้ทั่วโลก"" แสดงว่าไม่จำเป็นต้องซื้อแยก\n- ไม่มีข้อมูลว่าฟ้าใหม่มีบริการจัดส่งต่างประเทศ แต่คำถามไม่ได้ถามเรื่องบริการ จึงไม่เกี่ยวข้อง\n\n**สรุป:** หัวชาร์จ 67W ใช้ได้ในญี่ปุ่น เพราะรองรับไฟฟ้า 100-240V ซึ่งครอบคลุมไฟ 100V ของญี่ปุ่น ไม่ต้องใช้ Voltage Converter หรือรุ่น International Version แยก\n\n**คำตอบที่ถูกต้องที่สุดคือ:**  \n**5. ใช้ได้ รองรับไฟฟ้า 100-240V AC 50",,[],"['knowledge_base/products/JC-CH-001_judchuam_charger_67w_usbc.md', 'knowledge_base/products/JC-CH-001_judchuam_charger_67w_usbc.md', 'knowledge_base/products/JC-CH-001_judchuam_charger_67w_usbc.md', 'knowledge_base/products/JC-CH-001_judchuam_charger_67w_usbc.md', 'knowledge_base/products/JC-CH-004_judchuam_charger_20w_usba.md', 'knowledge_base/products/JC-CH-004_judchuam_charger_20w_usba.md', 'knowledge_base/products/JC-CH-004_judchuam_charger_20w_usba.md', 'knowledge_base/products/JC-CH-003_judchuam_charger_30w_usbc.md', 'knowledge_base/products/JC-CH-002_judchuam_charger_100w_usbc_dual.md', 'knowledge_base/products/JC-CH-002_judchuam_charger_100w_usbc_dual.md']",0.43764019,False,,False
19,แม่อายุ 70 แล้วครับ อยากหามือถือที่ใช้ง่ายๆ ตัวหนังสือใหญ่ มีปุ่มขอความช่วยเหลือฉุกเฉินด้วย ใช้กับเครื่องช่วยฟังได้มั้ย,1,"[1] วิเคราะห์หลักฐานทั้งหมด:\n\n- คำถาม: แม่อายุ 70 ต้องการมือถือที่ใช้ง่าย ตัวอักษรใหญ่ มีปุ่ม SOS ฉุกเฉิน และใช้กับเครื่องช่วยฟังได้\n- ต้องการ: ใช้ง่าย, ตัวอักษรใหญ่, ปุ่ม SOS, ใช้กับเครื่องช่วยฟังได้\n- ตัวเลือกที่ 1-8 คือมือถือต่างๆ ที่มีคุณสมบัติแตกต่างกัน\n\n[2] วิเคราะห์ตัวเลือกทีละตัว:\n\n- ตัวเลือก 1: ไม่มีข้อมูลว่ารองรับเครื่องช่วยฟังหรือไม่ แต่มีมือถือ Senior Plus ตัวอักษรใหญ่และมีปุ่ม SOS → ไม่ชัดเจนว่าใช้กับเครื่องช่วยฟังได้หรือไม่\n- ตัวเลือก 2: มือถือ Senior Plus รองรับเครื่องช่วยฟัง (M4/T4) มีตัวอักษรใหญ่ เมนูเรียบง่าย ปุ่ม SOS ฉุกเฉินส่งตำแหน่ง GPS ให้ผู้ดูแลได้ 3 คน → ตรงกับทุกข้อที่ต้องการ\n- ตัวเลือก 3: Kid Safe ออกแบบสำหรับเด็ก 6-12 ปี ไม่ใช่ผู้สูงอายุ ไม่รองรับเครื่องช่วยฟัง → ไม่ตรงกับความต้องการ\n- ตัวเลือก 4: Lite 3 ตัวอักษรใหญ่ ปุ่ม SOS แต่ไม่รองรับเครื่องช่วยฟัง และไม่มี GPS ส่งตำแหน่ง → ไม่ตรงกับความต้องการ\n- ตัวเลือก 5: Senior Plus มีตัวอ",,[],"['knowledge_base/products/SF-SP-014_saifah_phone_senior_plus.md', 'knowledge_base/products/SF-SP-014_saifah_phone_senior_plus.md', 'knowledge_base/products/SF-SP-014_saifah_phone_senior_plus.md', 'knowledge_base/store_info/buying_guide_smartphones_2569.md', 'knowledge_base/products/WK-FT-004_wongkhojon_ring_1.md', 'knowledge_base/products/KS-HP-003_kluensiang_headon_700.md', 'knowledge_base/products/KS-SK-004_kluensiang_go_mini.md', 'knowledge_base/products/SF-SP-005_saifah_phone_v7_lite.md', 'knowledge_base/products/SF-SP-004_saifah_phone_v7.md', 'knowledge_base/store_info/buying_guide_smartphones_2569.md']",0.439818382,False,,False
20,ซื้อนาฬิกาไว้วิ่งมาราธอน อยากได้ตัวที่แบตอึด GPS แม่นๆ แล้วก็วิเคราะห์ฟอร์มวิ่งได้ มีรุ่นไหนบ้างครับ,3,"**วิเคราะห์ที่นี่:**\n\nคำถาม: ซื้อนาฬิกาไว้วิ่งมาราธอน อยากได้ตัวที่แบตอึด GPS แม่นๆ แล้วก็วิเคราะห์ฟอร์มวิ่งได้ มีรุ่นไหนบ้างครับ\n\nต้องการ:\n- แบตอึด (ใช้งานได้นาน)\n- GPS แม่นยำ (Multi-Band หรือ Dual-Band ดีกว่า)\n- วิเคราะห์ฟอร์มวิ่งได้ (Running Dynamics, cadence, stride length, etc.)\n\n---\n\n**วิเคราะห์ตัวเลือกทีละตัว:**\n\n1. **Watch S3 Pro**  \n   - GPS: Single-Band (ไม่แม่นยำเท่า Multi-Band)  \n   - แบต: 48 ชม. (ไม่ถือว่าอึดมาก)  \n   - Running Dynamics: ไม่ระบุในข้อมูล (ไม่เห็นในสเปค)  \n   → ไม่ตรงกับความต้องการ\n\n2. **Watch Sport G1**  \n   - GPS: Multi-Band (L1+L5) → แม่นยำสูง  \n   - แบต: 14 วัน (โหมดปกติ) / 30 ชม. (GPS ต่อเนื่อง) → อึดมาก  \n   - Running Dynamics: มี cadence, stride length, ground contact time, vertical oscillation, running power → วิเคราะห์ฟอร์มวิ่งได้  \n   → ตรงกับทุกข้อ\n\n3. **Watch S3 Ultra**  \n   - GPS: Dual-Band → แม่นยำสูง  \n   - แบต: 72 ชม. → อึดมาก  \n   - แต่: ไม่ได้ระบุ Running Dynamics หรือฟีเจอร์วิเคราะห์ฟอร์มวิ่ง  \n   → ไม่เห็นว่ามีฟีเจอร์วิเคราะห์ฟอร์มวิ่ง (เช่น",,[],"['knowledge_base/products/WK-SW-005_wongkhojon_watch_sport_g1.md', 'knowledge_base/products/WK-SW-005_wongkhojon_watch_sport_g1.md', 'knowledge_base/products/WK-SW-005_wongkhojon_watch_sport_g1.md', 'knowledge_base/products/WK-SW-005_wongkhojon_watch_sport_g1.md', 'knowledge_base/products/WK-FT-004_wongkhojon_ring_1.md', 'knowledge_base/products/WK-SW-001_wongkhojon_watch_s3_ultra.md', 'knowledge_base/products/WK-SW-004_wongkhojon_watch_s3_se.md', 'knowledge_base/products/WK-FT-003_wongkhojon_band_7.md', 'knowledge_base/products/WK-SW-003_wongkhojon_watch_s3.md', 'knowledge_base/products/WK-SW-006_wongkhojon_watch_classic_c1.md']",0.451623917,False,,False
21,ลูกชาย 8 ขวบอยากได้แท็บเล็ตเรียนออนไลน์ ครับ อยากได้ตัวที่ตกไม่แตกง่าย แล้วก็จำกัดเวลาเล่นเกมได้,1,วิเคราะห์ที่นี่:\n\n1. ลูกชาย 8 ขวบ ต้องการแท็บเล็ตสำหรับเรียนออนไลน์ ต้องการความทนทาน ตกไม่แตกง่าย และจำกัดเวลาเล่นเกมได้\n\n2. ต้องการสินค้าที่มี **ระบบจำกัดเวลาใช้งาน** และ **เคสกันกระแทก** ซึ่งเป็นคุณสมบัติหลักที่ต้องการ\n\n3. วิเคราะห์ตัวเลือกทั้ง 8 ตัว:\n\n- ตัวเลือก 1: แท็บ S9 — ไม่มีเคสกันกระแทกในกล่อง → ไม่ผ่าน\n- ตัวเลือก 2: แท็บ A5 WiFi — ไม่มีเคส rubber bumper → ไม่ผ่าน\n- ตัวเลือก 3: แท็บ Kid — มีเคส rubber bumper กันกระแทก และมี **FahMai Kids Mode จำกัดเวลาใช้งานได้** → ตรงกับทุกข้อ\n- ตัวเลือก 4: แท็บ Mini 7 — ไม่มี Kids Mode → ไม่ผ่าน\n- ตัวเลือก 5: แท็บ Draw Pro — ไม่มีระบบจำกัดเวลา → ไม่ผ่าน\n- ตัวเลือก 6: แท็บ Kid — แต่ไม่มีระบบจำกัดเวลา → ไม่ผ่าน\n- ตัวเลือก 7: แท็บ Kid — มีเคสกันกระแทก แต่ไม่มีระบบจำกัดเวลา → ไม่ผ่าน\n- ตัวเลือก 8: แท็บ S8 Pro — ราคาสูง ไม่มี Kids Mode → ไม่ผ่าน\n\n4. ตัวเลือกที่ **ตรงกับทุกข้อที่ต้องการ** คือ **ตัวเลือก 3: สายฟ้า แท็บ Kid** ที่มีทั้งเคสกันกระแทกและระบบจำกัดเวลาใช้งาน\n\n5.,,[],"['knowledge_base/products/SF-TB-006_saifah_tab_kid.md', 'knowledge_base/products/SF-TB-005_saifah_tab_mini_7.md', 'knowledge_base/products/SF-TB-006_saifah_tab_kid.md', 'knowledge_base/products/SF-TB-005_saifah_tab_mini_7.md', 'knowledge_base/products/SF-TB-005_saifah_tab_mini_7.md', 'knowledge_base/products/SF-SP-013_saifah_phone_kid_safe.md', 'knowledge_base/products/SF-TB-003_saifah_tab_a5.md', 'knowledge_base/products/SF-TB-004_saifah_tab_a5_wifi.md', 'knowledge_base/products/SF-TB-006_saifah_tab_kid.md', 'knowledge_base/products/WK-SW-007_wongkhojon_watch_kid_k1.md']",0.441225052,False,,False
22,จอมือถือสายฟ้า X9 Pro แตกครับ ซ่อมได้มั้ย ถ้าซื้อ Care+ ไว้ ต้องจ่ายเพิ่มเท่าไหร่,6,"[1] วิเคราะห์หลักฐานทั้งหมด:\n\n- คำถาม: จอมือถือสายฟ้า X9 Pro แตก ซ่อมได้มั้ย ถ้าซื้อ Care+ ไว้ ต้องจ่ายเพิ่มเท่าไหร่\n- หลักฐานที่เกี่ยวข้อง:\n  - ข้อมูลจาก [1] ระบุว่า สายฟ้า โฟน X9 Pro ไม่ครอบคลุมการรับประกันกรณีจอแตก (ไม่ครอบคลุมอุบัติเหตุ)\n  - ข้อมูลจาก [6] ระบุว่า **FahMai Care+ ครอบคลุมจอแตก 2 ครั้งต่อปี จ่ายส่วนต่าง 20% ของค่าซ่อม**\n  - ข้อมูลจาก [2] ระบุว่า ไม่ครอบคลุมจอแตก แต่ถ้ามี Care+ ซ่อมได้สูงสุด 2 ครั้งต่อปี จ่ายส่วนต่าง 20% ของค่าซ่อม\n  - ข้อมูลจาก [3] ไม่เกี่ยวข้องโดยตรงกับ X9 Pro\n  - ข้อมูลจาก [4] ระบุว่า ราคา 24,990 บาท แต่ไม่ได้ระบุค่าซ่อม\n  - ข้อมูลจาก [5] ไม่เกี่ยวข้องกับ X9 Pro\n  - ข้อมูลจาก [7] ไม่เกี่ยวข้องกับ X9 Pro\n  - ข้อมูลจาก [8] ไม่เกี่ยวข้องกับ X9 Pro\n  - ข้อมูลจาก [9] ไม่เกี่ยวข้องกับ X9 Pro\n  - ข้อมูลจาก [10] ไม่เกี่ยวข้องกับ X9 Pro\n  - ข้อมูลจาก [11] ถึง [32] ไม่เกี่ยวข้องกับคำถามโดยตรง\n\n- สรุป: หลักฐานที่เกี่ยวข้องคือ [\n[RETRY]: [1] วิเคราะห์หลักฐานอย่างละเอียดอีกครั้ง:\n\n- คำถาม: จอมือถือสายฟ้า X9 Pro แตก ซ่อมได้มั้ย ถ้าซื้อ Care+ ไว้ ต้องจ่ายเพิ่มเท่าไหร่\n- หลักฐานที่เกี่ยวข้อง:\n  - [1] ระบุว่า สายฟ้า โฟน X9 Pro ไม่ครอบคลุมการรับประกันกรณีจอแตก (ไม่ครอบคลุมอุบัติเหตุ)\n  - [6] ระบุว่า **FahMai Care+ ครอบคลุมจอแตก 2 ครั้งต่อปี จ่ายส่วนต่าง 20% ของค่าซ่อม**\n  - [2] ระบุว่า ไม่ครอบคลุมจอแตก แต่ถ้ามี Care+ ซ่อมได้สูงสุด 2 ครั้งต่อปี จ่ายส่วนต่าง 20% ของค่าซ่อม\n  - ข้อมูลจาก [4] ระบุว่า ราคา 24,990 บาท แต่ไม่ได้ระบุค่าซ่อม\n  - ข้อมูลจาก [5] ไม่เกี่ยวข้องกับ X9 Pro\n  - ข้อมูลจาก [7] ไม่เกี่ยวข้องกับ X9 Pro\n  - ข้อมูลจาก [8] ไม่เกี่ยวข้องกับ X9 Pro\n  - ข้อมูลจาก [9] ไม่เกี่ยวข้องกับ X9 Pro\n  - ข้อมูลจาก [10] ไม่เกี่ยวข้องกับ X9 Pro\n  - ข้อมูลจาก [11] ถึง [32] ไม่เกี่ยวข้องกับคำถามโดยตรง\n\n- สรุป: หลักฐานที่เกี่ยวข้องกับคำถามคือ [1] และ [6] ซึ่งระบุชัดเจนว่า:\n  - ไม่ครอบคลุมจอแตก (",,[],"['knowledge_base/products/SF-SP-002_saifah_phone_x9_pro.md', 'knowledge_base/products/SF-SP-001_saifah_phone_x9_pro_max.md', 'knowledge_base/products/SF-SP-003_saifah_phone_x9.md', 'knowledge_base/products/SF-SP-002_saifah_phone_x9_pro.md', 'knowledge_base/products/SF-TB-001_saifah_tab_s9_pro.md', 'knowledge_base/policies/warranty_policy.md', 'knowledge_base/products/SF-TB-002_saifah_tab_s9.md', 'knowledge_base/products/SF-SP-010_saifah_phone_x9_fe.md', 'knowledge_base/products/SF-SP-003_saifah_phone_x9.md', 'knowledge_base/products/JC-CS-004_judchuam_film_glass_x9_pro_2pack.md', 'knowledge_base/policies/warranty_policy.md', 'knowledge_base/policies/warranty_policy.md', 'knowledge_base/policies/warranty_policy.md', 'knowledge_base/policies/warranty_policy.md', 'knowledge_base/policies/warranty_policy.md', 'knowledge_base/policies/warranty_policy.md', 'knowledge_base/policies/warranty_policy.md', 'knowledge_base/policies/warranty_policy.md', 'knowledge_base/policies/warranty_policy.md', 'knowledge_base/policies/warranty_policy.md', 'knowledge_base/policies/warranty_policy.md', 'knowledge_base/policies/warranty_policy.md', 'knowledge_base/policies/warranty_policy.md', 'knowledge_base/policies/warranty_policy.md', 'knowledge_base/policies/warranty_policy.md', 'knowledge_base/policies/warranty_policy.md', 'knowledge_base/policies/warranty_policy.md', 'knowledge_base/policies/warranty_policy.md', 'knowledge_base/policies/warranty_policy.md', 'knowledge_base/policies/warranty_policy.md', 'knowledge_base/policies/warranty_policy.md', 'knowledge_base/policies/warranty_policy.md']",0.638851166,False,,True
23,Watch S3 กับ Watch S3 SE จอต่างกันยังไงคะ ใช้ AMOLED เหมือนกันไหม,3,"[1] วิเคราะห์หลักฐานทั้งหมด:\n\n- หลักฐาน [1] ระบุว่า ""หน้าจอ 1.7 นิ้ว AMOLED"" สำหรับ Watch S3 (WK-SW-003)\n- หลักฐาน [4] ระบุว่า ""หน้าจอ 1.7 นิ้ว LCD TFT"" สำหรับ Watch S3 SE (WK-SW-004)\n- ไม่มีข้อมูลใดในหลักฐานที่ระบุว่า Watch S3 SE ใช้จอ AMOLED หรือ LCD TFT ที่มีความละเอียด 416×416 พิกเซล แต่ใน [4] ระบุว่า ""ความละเอียดหน้าจอ 360 × 360 พิกเซล"" ซึ่งไม่ตรงกับ 416×416 พิกเซลใน [1] สำหรับ Watch S3\n- ดังนั้น ข้อมูลที่ขัดแย้งกันคือ ความละเอียดจอของ Watch S3 ที่ระบุใน [1] ว่า 416×416 พิกเซล แต่ใน [4] ระบุว่า 360×360 พิกเซล สำหรับ Watch S3 SE ซึ่งไม่ใช่ Watch S3\n\nแต่คำถามคือ: **""Watch S3 กับ Watch S3 SE จอต่างกันยังไงคะ ใช้ AMOLED เหมือนกันไหม""**\n\n- Watch S3 (จาก [1]) ใช้จอ **AMOLED**\n- Watch S3 SE (จาก [4]) ใช้จอ **LCD TFT**\n\nดังนั้น จอไม่เหมือนกัน และไม่ใช่ AMOLED เหมือนกัน\n\n**สรุป:** ทั้งสองรุ่นใช้จอคนละชนิดกัน — Watch S3 ใช้ AMOLED, Watch S3 SE ใช้ LCD TFT\n\nตัวเลือกที่ถูกต้องคือ:\n- ตัวเลือก 3: Watch S3 ใช",,[],"['knowledge_base/products/WK-SW-003_wongkhojon_watch_s3.md', 'knowledge_base/products/WK-SW-004_wongkhojon_watch_s3_se.md', 'knowledge_base/products/WK-SW-002_wongkhojon_watch_s3_pro.md', 'knowledge_base/products/WK-SW-004_wongkhojon_watch_s3_se.md', 'knowledge_base/products/WK-SW-001_wongkhojon_watch_s3_ultra.md', 'knowledge_base/products/WK-SW-008_wongkhojon_watch_s2_pro.md', 'knowledge_base/products/WK-SW-004_wongkhojon_watch_s3_se.md', 'knowledge_base/products/WK-SW-003_wongkhojon_watch_s3.md', 'knowledge_base/products/WK-SW-002_wongkhojon_watch_s3_pro.md', 'knowledge_base/products/WK-SW-003_wongkhojon_watch_s3.md']",0.659002304,False,,False
24,เปรียบเทียบแบตแล็ปท็อปหน่อย ดาวเหนือ แอร์บุ๊ก 14 กับ NovaTech SlimBook 14 ตัวไหนแบตอยู่นานกว่ากัน,3,"[1] วิเคราะห์หลักฐานทั้งหมด:\n\n- ข้อมูลจาก [3] และ [4] ระบุชัดเจนว่า:\n  - **NovaTech SlimBook 14**: แบตเตอรี่ 58Wh, ใช้งานได้ **15 ชั่วโมง**\n  - **ดาวเหนือ AirBook 14 (รุ่น 16GB)**: แบตเตอรี่ 70Wh, ใช้งานได้ **20 ชั่วโมง**\n  - รุ่น 8GB ของ AirBook 14 ก็มีแบตเตอรี่ 70Wh และใช้งานได้ 20 ชั่วโมงเช่นกัน (จาก [7])\n\n- ทั้งสองรุ่นใช้ชิปเซ็ตต่างกัน (N7 vs D1) แต่ไม่ได้ระบุว่าชิปเซ็ตมีผลต่ออายุแบตเตอรี่โดยตรงในข้อมูลที่ให้มา\n\n- ข้อมูลทั้งหมดชัดเจนว่า **AirBook 14 ใช้งานได้นานกว่า SlimBook 14** อย่างชัดเจน\n\n- ตัวเลือกที่ 1 ระบุว่า: ""SlimBook 14 แบตอยู่ได้นานกว่า ประมาณ 20 ชม. ส่วน AirBook 14 ได้ 15 ชม."" → ผิด เพราะข้อมูลตรงกันข้าม\n\n- ตัวเลือกที่ 2: ""ทั้งสองรุ่นมีแบตเตอรี่ใกล้เคียงกันที่ 18 ชม. เพราะใช้ชิปเซ็ต NovaTech N7 เหมือนกัน"" → ผิด เพราะชิปเซ็ตต่างกัน และข้อมูลไม่ได้ระบุว่า N7 ให้ 18 ชม.\n\n- ตัวเลือกที่ 3: ""AirBook 14 แบตอยู่ได้ ~20 ชั่วโมง ส่วน SlimBook",,[],"['knowledge_base/products/NT-LT-001_novatech_slimbook_14.md', 'knowledge_base/products/NT-LT-001_novatech_slimbook_14.md', 'knowledge_base/products/NT-LT-001_novatech_slimbook_14.md', 'knowledge_base/products/DN-LT-002_daonuea_airbook_14.md', 'knowledge_base/products/DN-LT-003_daonuea_airbook_14_8gb.md', 'knowledge_base/products/DN-LT-003_daonuea_airbook_14_8gb.md', 'knowledge_base/products/DN-LT-003_daonuea_airbook_14_8gb.md', 'knowledge_base/products/DN-LT-002_daonuea_airbook_14.md', 'knowledge_base/products/DN-LT-002_daonuea_airbook_14.md', 'knowledge_base/products/NT-LT-001_novatech_slimbook_14.md']",0.649085045,False,,False
25,NovaBuds Pro กับ บัดส์ Z5 Pro ประกันตัวไหนนานกว่ากันครับ,5,**วิเคราะห์หลักฐาน:**\n\n- ข้อมูลจาก [1] ระบุว่า NovaBuds Pro รับประกัน **2 ปี** จาก NovaTech\n- ข้อมูลจาก [2] ระบุว่า Z5 Pro รับประกัน **1 ปี** จากคลื่นเสียง\n- ข้อมูลจาก [3] ยืนยันว่า Z5 Pro รับประกัน 1 ปี ไม่ใช่ 2 ปี\n- ข้อมูลจาก [4] ถึง [10] ยืนยันว่า Z5 Pro รับประกัน 1 ปี ไม่ใช่ 2 ปี\n- ข้อมูลจาก [11] ถึง [33] ไม่ได้เปลี่ยนแปลงข้อมูลการรับประกันของ Z5 Pro\n\n**สรุป:**  \n- NovaBuds Pro รับประกัน 2 ปี  \n- Z5 Pro รับประกัน 1 ปี  \n- ดังนั้น NovaBuds Pro ประกันนานกว่า\n\n**คำตอบ: 5**,,[],"['knowledge_base/products/NT-EB-001_novatech_novabuds_pro.md', 'knowledge_base/products/NT-EB-001_novatech_novabuds_pro.md', 'knowledge_base/products/KS-EB-001_kluensiang_buds_z5_pro.md', 'knowledge_base/products/KS-EB-008_kluensiang_buds_z5_pro_gold_limited.md', 'knowledge_base/products/NT-EB-001_novatech_novabuds_pro.md', 'knowledge_base/products/KS-EB-002_kluensiang_buds_z5.md', 'knowledge_base/products/KS-EB-001_kluensiang_buds_z5_pro.md', 'knowledge_base/products/KS-EB-001_kluensiang_buds_z5_pro.md', 'knowledge_base/products/KS-EB-006_kluensiang_buds_z1.md', 'knowledge_base/products/NT-EB-001_novatech_novabuds_pro.md', 'knowledge_base/policies/warranty_policy.md', 'knowledge_base/policies/warranty_policy.md', 'knowledge_base/policies/warranty_policy.md', 'knowledge_base/policies/warranty_policy.md', 'knowledge_base/policies/warranty_policy.md', 'knowledge_base/policies/warranty_policy.md', 'knowledge_base/policies/warranty_policy.md', 'knowledge_base/policies/warranty_policy.md', 'knowledge_base/policies/warranty_policy.md', 'knowledge_base/policies/warranty_policy.md', 'knowledge_base/policies/warranty_policy.md', 'knowledge_base/policies/warranty_policy.md', 'knowledge_base/policies/warranty_policy.md', 'knowledge_base/policies/warranty_policy.md', 'knowledge_base/policies/warranty_policy.md', 'knowledge_base/policies/warranty_policy.md', 'knowledge_base/policies/warranty_policy.md', 'knowledge_base/policies/warranty_policy.md', 'knowledge_base/policies/warranty_policy.md', 'knowledge_base/policies/warranty_policy.md', 'knowledge_base/policies/warranty_policy.md', 'knowledge_base/policies/warranty_policy.md', 'knowledge_base/policies/warranty_policy.md']",0.716789246,False,,False
26,สนใจนาฬิกาวงโคจรครับ Watch S3 Pro กับ Watch S3 ตัวไหนมี ECG วัดคลื่นไฟฟ้าหัวใจได้?,8,"[1] วิเคราะห์หลักฐานทั้งหมด:\n\n- หลักฐาน [1] ระบุชัดเจนว่า ""Watch S3 Pro มีฟังก์ชัน ECG (Electrocardiogram) ครบ นี่คือความแตกต่างหลักจาก Watch S3 (WK-SW-003) ที่ไม่มี ECG""\n- หลักฐาน [2] ระบุว่า ""Watch S3 Pro มี ECG วัดคลื่นไฟฟ้าหัวใจได้ พร้อมรายงานที่สามารถแชร์ให้แพทย์ได้โดยตรง""\n- หลักฐาน [3] ระบุว่า ""Watch S3 ไม่มีฟีเจอร์ ECG และไม่มี NFC Pay ซึ่งต่างจาก Watch S3 Pro""\n- หลักฐาน [6] ระบุสเปคของ Watch S3 Pro ว่ามี ""ECG, HRV"" และ ""NFC Pay""\n- หลักฐาน [7] ระบุว่า Watch S3 SE ไม่มี ECG และไม่มี NFC Pay\n- หลักฐาน [8] ระบุว่า Watch S3 Ultra มี ECG แต่ไม่ได้ถูกถามถึงในคำถามนี้\n\nสรุป:  \n- Watch S3 Pro มี ECG วัดคลื่นไฟฟ้าหัวใจได้  \n- Watch S3 ไม่มี ECG  \n- ดังนั้น ตัวเลือกที่ถูกต้องคือ ตัวเลือกที่ระบุว่า ""Watch S3 มี ECG วัดคลื่นไฟฟ้าหัวใจได้ พร้อม NFC Pay แต่ S3 Pro ไม่มี ECG มีเพียง HR กับ SpO2 เท่านั้น"" นั้น **ผิด** เพราะ S3 Pro มี ECG และ NFC Pay  \n- ตัวเลือกที่ถูกต้องคือ: **Watch S3 ไม่มี ECG แต่ S3 Pro มี ECG**\n\nดังนั้น ตัวเลือกที่ถูกต้องคือ:\n\n**ตัว",,[],"['knowledge_base/products/WK-SW-002_wongkhojon_watch_s3_pro.md', 'knowledge_base/products/WK-SW-002_wongkhojon_watch_s3_pro.md', 'knowledge_base/products/WK-SW-003_wongkhojon_watch_s3.md', 'knowledge_base/products/WK-SW-008_wongkhojon_watch_s2_pro.md', 'knowledge_base/products/WK-SW-003_wongkhojon_watch_s3.md', 'knowledge_base/products/WK-SW-002_wongkhojon_watch_s3_pro.md', 'knowledge_base/products/WK-SW-004_wongkhojon_watch_s3_se.md', 'knowledge_base/products/WK-SW-001_wongkhojon_watch_s3_ultra.md', 'knowledge_base/products/WK-SW-004_wongkhojon_watch_s3_se.md', 'knowledge_base/products/WK-SW-003_wongkhojon_watch_s3.md']",0.704414368,False,,False
27,อยากได้หูฟังครอบหูตัดเสียงรบกวนค่ะ เฮดออน 500 กับ เฮดออน 300 ตัวไหนมี ANC คะ,2,"**วิเคราะห์ที่นี่:**\n\nจากหลักฐานทั้งหมด พบว่า:\n\n- **เฮดออน 500 (KS-HP-004)**: มีระบุชัดเจนว่า ""ระบบตัดเสียงรบกวน | Active Noise Cancellation (ANC)"" และมีสเปคที่ระบุว่า ""แบตเตอรี่ (ANC เปิด) | 40 ชั่วโมง"" ซึ่งแสดงว่ามีระบบ ANC จริง\n\n- **เฮดออน 300 (KS-HP-005)**: ระบุชัดเจนว่า ""ระบบตัดเสียงรบกวน | **ไม่มี ANC** (Passive Noise Isolation เท่านั้น)"" และมีสเปคที่ระบุว่า ""แบตเตอรี่ | 50 ชั่วโมง"" ซึ่งไม่ได้ระบุว่ามี ANC\n\n- รุ่นอื่นที่เกี่ยวข้อง (เช่น HeadOn 700, HeadPro X1) ไม่ได้ถูกถาม แต่ใช้เพื่อเปรียบเทียบความเข้าใจในบริบท\n\nดังนั้น สรุปได้ว่า:\n- **เฮดออน 500 มี ANC**\n- **เฮดออน 300 ไม่มี ANC**\n\nคำถามคือ: ""ตัวไหนมี ANC คะ"" → ดังนั้น ต้องเลือกตัวที่มี ANC\n\nตัวเลือกที่ 1: ทั้งสองรุ่นมี ANC เหมือนกัน → ผิด เพราะ 300 ไม่มี\nตัวเลือก 2: เฮดออน 500 มี ANC พร้อม Bluetooth 5.2 → ถูกต้องตามหลักฐาน\nตัวเลือก 3: เฮดออน 300 มี ANC → ผิด\nตัวเลือก 4: ทั้งสองรุ่นไม่มี ANC → ผิด\nตัวเลือก 5: เฮด",,[],"['knowledge_base/products/KS-HP-004_kluensiang_headon_500.md', 'knowledge_base/products/KS-HP-005_kluensiang_headon_300.md', 'knowledge_base/products/KS-HP-004_kluensiang_headon_500.md', 'knowledge_base/products/KS-HP-005_kluensiang_headon_300.md', 'knowledge_base/products/KS-HP-003_kluensiang_headon_700.md', 'knowledge_base/products/KS-HP-003_kluensiang_headon_700.md', 'knowledge_base/products/KS-HP-006_kluensiang_headon_300_fahmai_edition.md', 'knowledge_base/products/KS-HP-006_kluensiang_headon_300_fahmai_edition.md', 'knowledge_base/products/KS-HP-001_kluensiang_headpro_x1.md', 'knowledge_base/products/KS-HP-005_kluensiang_headon_300.md']",0.718450606,False,,False
28,soundbar คลื่นเสียง SoundBar 300 กับ ArcWave SoundPillar 300 ระบบเสียงต่างกันยังไงครับ ตัวไหนมี center channel,7,"วิเคราะห์ที่นี่:\n\nจากหลักฐานทั้งหมด พบว่า:\n\n- **SoundPillar 300 (AW-SK-001)**: ระบุชัดเจนว่าเป็น **3.0 channel** ไม่มี center channel\n- **SoundBar 300 (KS-SK-002)**: ระบุชัดเจนว่าเป็น **3.1 channel** ซึ่งมี **center channel** อยู่ในตัว\n- ทั้งสองรุ่นใช้ **HDMI ARC** และ **Bluetooth 5.0** ได้\n- กำลังขับ: SoundPillar 300 = 60W RMS, SoundBar 300 = 80W RMS\n- รองรับ Dolby Digital และ DTS ทั้งคู่\n\nดังนั้น ความแตกต่างที่ชัดเจนคือ:\n- SoundPillar 300: 3.0 channel, ไม่มี center channel\n- SoundBar 300: 3.1 channel, มี center channel\n\nคำถามถามว่า ""ตัวไหนมี center channel"" → คำตอบคือ **SoundBar 300 มี center channel**\n\nดังนั้น ตัวเลือกที่ถูกต้องคือ:\n- ตัวเลือก 7: ""SoundBar 300 เป็น 3.1 channel มี center channel ส่วน SoundPillar 300 เป็น 3.0 channel ไม่มี center channel""\n\nซึ่งตรงกับข้อมูลที่ให้มาทั้งหมด\n\n[7] คือคำตอบที่ถูกต้อง\n\nตอบเลขคำตอบ: 7\n\n[7] คือคำตอบที่ถูกต้องตามหลักฐานทั้งหมด\n\nตอบเลขคำตอบ: 7\n\n[7] คือคำตอบที่ถูกต้องตามหลักฐานทั้งหมด\n\nตอบเลขคำตอบ: 7\n\n[7] คือคำตอบที่ถูกต้องตามหลักฐานทั้งหมด\n\nตอบเลขคำตอบ: 7\n\n[7] คือคำตอบท",,[],"['knowledge_base/products/AW-SK-001_arcwave_soundpillar_300.md', 'knowledge_base/products/AW-SK-001_arcwave_soundpillar_300.md', 'knowledge_base/products/KS-SK-002_kluensiang_soundbar_300.md', 'knowledge_base/products/KS-SK-002_kluensiang_soundbar_300.md', 'knowledge_base/products/AW-SK-001_arcwave_soundpillar_300.md', 'knowledge_base/products/AW-SK-001_arcwave_soundpillar_300.md', 'knowledge_base/products/KS-SK-002_kluensiang_soundbar_300.md', 'knowledge_base/products/KS-SK-001_kluensiang_soundbar_pro_500.md', 'knowledge_base/products/KS-SK-001_kluensiang_soundbar_pro_500.md', 'knowledge_base/products/KS-SK-002_kluensiang_soundbar_300.md']",0.733926773,False,,False
29,แบนด์ 8 กับ 8 Pro ต่างกันยังไงเรื่อง GPS อ่ะคะ ตัวไหนมี GPS ในตัว?,4,"**วิเคราะห์ที่นี่:**\n\nจากหลักฐานทั้งหมด พบว่า:\n\n- **Band 8** (WK-FT-001) ไม่มี GPS ในตัว ต้องใช้ Connected GPS ผ่านโทรศัพท์ (หลักฐานจาก [5] และ [8])\n- **Band 8 Pro** (WK-FT-002) มี GPS ในตัว ระบุชัดเจนว่า ""GPS Single-Band GPS, GLONASS (GPS ในตัว)"" (หลักฐานจาก [1] และ [2])\n- ข้อมูลใน [1] และ [2] ระบุว่า ""GPS ในตัว"" ซึ่งหมายถึงมี GPS ติดตั้งในตัวเครื่อง ไม่ต้องพกโทรศัพท์\n- ไม่มีข้อมูลว่า Band 8 Pro มี Multi-Band GPS หรือไม่ แต่ระบุว่า ""Single-Band GPS"" ซึ่งเป็นข้อมูลที่ชัดเจน\n- ตัวเลือกที่ 1 ระบุว่า ""ทั้งสองรุ่นมี GPS ในตัว แต่ Band 8 Pro มี Multi-Band GPS (L1+L5) ส่วน Band 8 มี Single-Band GPS เท่านั้น"" — ขัดกับข้อมูลที่ว่า Band 8 ไม่มี GPS ในตัว\n- ตัวเลือกที่ 2 ระบุว่า ""ทั้งสองรุ่นไม่มี GPS ในตัว"" — ขัดกับข้อมูลใน [1] และ [2] ที่ระบุว่า Band 8 Pro มี GPS ในตัว\n- ตัวเลือกที่ 3 ระบุว่า ""Band 8 มี GPS Single-Band ในตัว ออกวิ่งได้ไม่ต้องพกโทรศัพท์ ส่วน Band 8 Pro ใช้ Connected GPS"" — ขัดกับข้อมูลที่ว่า Band 8 ไม่มี GPS ในตัว\n- ตัวเลือกที่ 4 ",,[],"['knowledge_base/products/WK-FT-002_wongkhojon_band_8_pro.md', 'knowledge_base/products/WK-FT-002_wongkhojon_band_8_pro.md', 'knowledge_base/products/WK-FT-002_wongkhojon_band_8_pro.md', 'knowledge_base/products/SF-TB-008_saifah_tab_s8_pro.md', 'knowledge_base/products/WK-FT-001_wongkhojon_band_8.md', 'knowledge_base/products/SF-TB-008_saifah_tab_s8_pro.md', 'knowledge_base/products/SF-TB-001_saifah_tab_s9_pro.md', 'knowledge_base/products/WK-FT-001_wongkhojon_band_8.md', 'knowledge_base/products/SF-TB-002_saifah_tab_s9.md', 'knowledge_base/products/SF-SP-001_saifah_phone_x9_pro_max.md']",0.523885727,False,,False
30,Hub 7-in-1 กับ Hub 4-in-1 ของจุดเชื่อม ชาร์จผ่าน USB-C ได้ทั้งสองตัวไหมครับ,1,"**วิเคราะห์ที่นี่:**\n\nจากหลักฐานทั้งหมด ที่เกี่ยวข้องกับคำถาม ""Hub 7-in-1 กับ Hub 4-in-1 ของจุดเชื่อม ชาร์จผ่าน USB-C ได้ทั้งสองตัวไหมครับ"" สามารถสรุปได้ดังนี้:\n\n1. **Hub 7-in-1 (JC-HB-001)**:  \n   - รองรับ **USB-C PD passthrough 100W** (จากสเปคสินค้าใน [5])  \n   - ใช้สาย USB-C ติดตัว 15 ซม. สำหรับเชื่อมต่อ  \n   - รองรับการชาร์จผ่าน USB-C ได้ทั้งจาก host และ PD passthrough (จาก [3])  \n   - รองรับการชาร์จแล็ปท็อปที่รองรับ PD ได้สูงสุด 100W (จาก [5])\n\n2. **Hub 4-in-1 (JC-HB-002)**:  \n   - รองรับ **USB-C PD passthrough 60W** (จากสเปคสินค้าใน [6])  \n   - ใช้สาย USB-C ติดตัว 12 ซม.  \n   - รองรับการชาร์จผ่าน USB-C ได้ทั้งจาก host และ PD passthrough (จาก [4])  \n   - รองรับการชาร์จแล็ปท็อปที่รองรับ PD ได้สูงสุด 60W (จาก [6])\n\n**สรุป:**  \n- ทั้งสองตัว **ชาร์จผ่าน USB-C ได้** ทั้งคู่  \n- แต่ **กำลังไฟต่างกัน**  \n  - 7-in-1: 100W  \n  - 4-in-1: 60W  \n- ทั้งสองตัวมี **PD passthrough** รองรับการชาร์จผ่าน USB-C ได้จริง\n\nดังนั",,[],"['knowledge_base/products/JC-HB-001_judchuam_hub_usbc_7in1.md', 'knowledge_base/products/JC-HB-002_judchuam_hub_usbc_4in1.md', 'knowledge_base/products/JC-HB-001_judchuam_hub_usbc_7in1.md', 'knowledge_base/products/JC-HB-002_judchuam_hub_usbc_4in1.md', 'knowledge_base/products/JC-HB-001_judchuam_hub_usbc_7in1.md', 'knowledge_base/products/JC-HB-002_judchuam_hub_usbc_4in1.md', 'knowledge_base/products/DN-LT-002_daonuea_airbook_14.md', 'knowledge_base/products/JC-HB-002_judchuam_hub_usbc_4in1.md', 'knowledge_base/products/JC-HB-001_judchuam_hub_usbc_7in1.md', 'knowledge_base/products/JC-CH-002_judchuam_charger_100w_usbc_dual.md']",0.639596,False,,False
31,ซื้อวงโคจร Watch S3 Ultra ช่วง Mega Sale มาได้ 12 วันแล้วค่ะ ยังคืนได้อยู่ไหม,7,"**วิเคราะห์หลักฐาน:**\n\nคำถาม: ซื้อวงโคจร Watch S3 Ultra ช่วง Mega Sale มาได้ 12 วันแล้ว ยังคืนได้อยู่ไหม?\n\n- หลักฐานที่เกี่ยวข้อง:  \n  - [11] นโยบายการคืนสินค้า: คืนได้ภายใน 15 วัน นับจากวันที่ได้รับสินค้า  \n  - [14] ขั้นตอนการขอคืนสินค้า: ต้องจัดส่งคืนภายใน 7 วัน หลังได้รับการอนุมัติ  \n  - [24] ช่วงโปรโมชัน ""ฟ้าใหม่ Mega Sale"" — คืนได้ภายใน 7 วัน นับจากวันที่ได้รับสินค้า (ไม่ใช่ 15 วันตามปกติ)\n\n> หมายเหตุ: คำถามระบุว่า ""ซื้อช่วง Mega Sale"" ซึ่งหมายถึงช่วงโปรโมชันที่มีเงื่อนไขพิเศษ\n\n- วันที่ซื้อ: ไม่ระบุ แต่ระบุว่า ""12 วันแล้ว"" หมายถึง 12 วันนับจากวันที่ซื้อ\n- ดังนั้น ถ้าซื้อมา 12 วัน ยังอยู่ในช่วง 7 วัน หรือไม่?\n\n> แต่คำถามคือ ""ยังคืนได้อยู่ไหม"" ซึ่งต้องพิจารณาจาก **ระยะเวลาที่กำหนดในโปรโมชัน**\n\n- ช่วง Mega Sale คืนได้ภายใน **7 วัน** นับจากวันที่ได้รับสินค้า\n- ถ้าซื้อมา 12 วัน หมายถึง **เกิน 7 วัน** แล้ว\n\n> ดังนั้น ไม่สามารถคืนได้แล้ว\n\n**สรุป:** แม้จะมี",,[],"['knowledge_base/products/WK-SW-001_wongkhojon_watch_s3_ultra.md', 'knowledge_base/products/WK-SW-006_wongkhojon_watch_classic_c1.md', 'knowledge_base/products/WK-SW-001_wongkhojon_watch_s3_ultra.md', 'knowledge_base/products/WK-SW-002_wongkhojon_watch_s3_pro.md', 'knowledge_base/products/WK-SW-001_wongkhojon_watch_s3_ultra.md', 'knowledge_base/products/WK-SW-004_wongkhojon_watch_s3_se.md', 'knowledge_base/products/WK-SW-002_wongkhojon_watch_s3_pro.md', 'knowledge_base/products/WK-SW-001_wongkhojon_watch_s3_ultra.md', 'knowledge_base/products/WK-SW-001_wongkhojon_watch_s3_ultra.md', 'knowledge_base/products/WK-SW-005_wongkhojon_watch_sport_g1.md', 'knowledge_base/policies/return_policy.md', 'knowledge_base/policies/return_policy.md', 'knowledge_base/policies/return_policy.md', 'knowledge_base/policies/return_policy.md', 'knowledge_base/policies/return_policy.md', 'knowledge_base/policies/return_policy.md', 'knowledge_base/policies/return_policy.md', 'knowledge_base/policies/return_policy.md', 'knowledge_base/policies/return_policy.md', 'knowledge_base/policies/return_policy.md', 'knowledge_base/policies/return_policy.md', 'knowledge_base/policies/return_policy.md', 'knowledge_base/policies/return_policy.md', 'knowledge_base/policies/return_policy.md', 'knowledge_base/policies/return_policy.md', 'knowledge_base/policies/return_policy.md', 'knowledge_base/policies/return_policy.md', 'knowledge_base/policies/return_policy.md', 'knowledge_base/policies/return_policy.md']",0.609428406,False,,False
32,"ช่วยดูให้หน่อยได้ไหมครับ เรื่องมันยาวนิดนึง คือผมอยากได้แล็ปท็อปสักเครื่องสำหรับเรียนมหาลัย ตอนแรกดูแอร์บุ๊ก 14 ของดาวเหนือ 29,990 บาท สเปคดีมาก RAM 16GB แบตอยู่ได้ 20 ชม. น้ำหนัก 1.1 กก. เบามาก แต่แฟนบอกว่าแพงไป ให้ดูสตั๊ดดี้บุ๊ก 14 ดีกว่า ราคา 15,990 บาท แถมมีโปรนักศึกษาลด 5% เหลือ 15,190 บาท แฟนบอกว่า RAM อัปเกรดได้ด้วย ก็เลยสั่งสตั๊ดดี้บุ๊ก 14 ไปเมื่อวาน จ่ายเงินเรียบร้อย แต่พอกลับมาดูรีวิวในยูทูปอีกที เห็นว่าแอร์บุ๊กจอ 2K สวยกว่ามาก แบตอยู่ 20 ชม. เทียบกับสตั๊ดดี้บุ๊กที่อยู่ 10 ชม. แล้วก็ตัวเครื่องอะลูมิเนียม CNC ดูพรีเมียมกว่าเยอะ เริ่มเสียใจที่ไม่ซื้อแอร์บุ๊ก ตอนนี้เช็คในแอปสถานะขึ้นว่า กำลังเตรียมจัดส่ง ยังยกเลิกได้ไหมครับ",2,"Manual KB answer. Cancellation policy says orders in status ""ชำระเงินแล้ว — กำลังเตรียมจัดส่ง"" can still be cancelled via the app or website, though the request may fail if the warehouse already packed the item and created a tracking number. StudyBook 14 product page confirms the student 5% promo and special price, but the cancellation policy does not say student-discount orders are ineligible. Best matching choice: 2.",manual_kb_answer,"['cancellation_policy.md', 'DN-LT-011_daonuea_studybook_14.md']","['knowledge_base/policies/cancellation_policy.md', 'knowledge_base/products/DN-LT-011_daonuea_studybook_14.md', 'knowledge_base/products/DN-LT-002_daonuea_airbook_14.md']",,True,manual_kb_answer,False
33,ครีเอเตอร์บุ๊ก 16 OLED เครื่องผมมีปัญหา อยากเคลมประกัน ให้มารับที่บ้านได้ป่าวครับ,8,"Manual KB answer. CreatorBook 16 OLED product page says warranty is 2 years and explicitly states year 1 includes On-site Service, meaning a technician travels to the customer location in supported areas. Warranty policy for DaoNuea laptops also says year 1 has On-site Service. Best matching choice: 8.",manual_kb_answer,"['DN-LT-014_daonuea_creatorbook_16_oled.md', 'warranty_policy.md']","['knowledge_base/products/DN-LT-014_daonuea_creatorbook_16_oled.md', 'knowledge_base/policies/warranty_policy.md']",,True,manual_kb_answer,False
34,เคลมประกัน ArcWave SoundPillar 300 ต้องทำยังไงบ้างครับ ส่งซ่อมเองได้เลยมั้ย,5,"Manual KB answer. ArcWave SoundPillar 300 product page says warranty claims must contact FahMai to coordinate with ArcWave and explicitly says there is no on-site service. General FAQ also says partner-brand items can start warranty claims through FahMai. The sources do not state a fixed 14-business-day turnaround, but choice 5 is the closest supported option because it matches the coordinator flow through FahMai.",manual_kb_answer,"['AW-SK-001_arcwave_soundpillar_300.md', 'general_faq.md']","['knowledge_base/products/AW-SK-001_arcwave_soundpillar_300.md', 'knowledge_base/store_info/general_faq.md', 'knowledge_base/policies/warranty_policy.md']",,True,manual_kb_answer,False
35,ซื้อเฟล็กซ์บุ๊ก Detach แบบ Bundle มา อยากคืนเฉพาะคีย์บอร์ดอย่างเดียวได้มั้ยคะ ไม่อยากใช้คีย์บอร์ด,3,Manual KB answer. Return policy says bundle products must be returned as a full set and partial returns are not accepted. FlexBook Detach + Keyboard Bundle product page repeats that the bundle must be returned together and individual pieces like only the keyboard cannot be returned. Best matching choice: 3.,manual_kb_answer,"['return_policy.md', 'DN-LT-018_daonuea_flexbook_detach_keyboard_bundle.md']","['knowledge_base/policies/return_policy.md', 'knowledge_base/products/DN-LT-018_daonuea_flexbook_detach_keyboard_bundle.md']",,True,manual_kb_answer,False
36,สั่งสายฟ้าโฟน X9 Pro ไปแล้ว ตอนนี้สถานะขึ้นว่าจัดส่งแล้ว อยากยกเลิกคำสั่งซื้อทำได้ป่าวครับ,2,"Manual KB answer. Cancellation policy says once an order status is ""จัดส่งแล้ว"" it can no longer be cancelled. The customer must receive the item first and then submit a return request instead; the policy also says not to refuse delivery. Best matching choice: 2.",manual_kb_answer,['cancellation_policy.md'],['knowledge_base/policies/cancellation_policy.md'],,True,manual_kb_answer,False
37,"สวัสดีค่ะ คืออยากปรึกษาเรื่องหูฟังที่ซื้อมาค่ะ เมื่อวันเสาร์ที่ผ่านมาไปร้านฟ้าใหม่สาขาลาดพร้าวกับแฟน เดิมจะไปดูเคสโทรศัพท์อย่างเดียว แต่พอเดินผ่านโซนหูฟังก็สนใจหูฟังไร้สายขึ้นมา พนักงานแนะนำ คลื่นเสียง บัดส์ Z5 บอกว่า ANC ดีมาก ชาร์จได้นาน คืนนั้นก็เลยตัดสินใจซื้อเลยค่ะ ราคา 5,490 บาท วันอาทิตย์เอาไปใช้ที่ฟิตเนสตอนวิ่งบนลู่ เสียงดีนะคะ ANC ตัดเสียงรอบข้างได้เลย แต่ปัญหาคือมันหลุดจากหูตลอดเลยค่ะตอนวิ่ง ลอง Ear Tips ทุกไซส์แล้ว S M L ก็ยังหลุดอยู่ดี อาจจะเป็นเพราะรูหูเราไม่เหมาะกับทรง In-Ear มั้ง เพื่อนที่ทำงานบอกว่าลองดู Open Ring ดีกว่า มันเป็นแบบคล้องหูไม่ต้องยัดเข้าหู แต่ก่อนจะไปซื้อตัวใหม่ ก็เลยอยากถามก่อนว่า ตัว บัดส์ Z5 ที่ซื้อมาวันเสาร์ แกะใช้แล้ว ส่งคืนได้ไหมคะ",8,"Manual KB answer. Return policy says opened and activated in-ear headphones and TWS earbuds cannot be returned for hygiene reasons. Buds Z5 product page specifically says because it is an in-ear model, once opened and tested it cannot be returned. Best matching choice: 8.",manual_kb_answer,"['return_policy.md', 'KS-EB-002_kluensiang_buds_z5.md']","['knowledge_base/policies/return_policy.md', 'knowledge_base/products/KS-EB-002_kluensiang_buds_z5.md', 'knowledge_base/products/KS-EB-007_kluensiang_buds_open_ring.md']",,True,manual_kb_answer,False
38,เป็นสมาชิก Platinum อยู่ครับ สั่งสายฟ้า โฟน V7 ส่งแบบด่วนต้องจ่ายเพิ่มเท่าไหร่ ที่อยู่ในกรุงเทพฯ ครับ,6,"Manual KB answer. Shipping policy says Express in Bangkok and surrounding areas normally costs +100 baht, but Platinum members get free shipping plus free Express in Bangkok and surrounding areas. Membership policy says the same. Best matching choice: 6.",manual_kb_answer,"['shipping_policy.md', 'membership_points_policy.md']","['knowledge_base/policies/shipping_policy.md', 'knowledge_base/policies/membership_points_policy.md']",,True,manual_kb_answer,False
39,สั่ง Pre-order สายฟ้า โฟน DuoPad ไว้ กำหนดส่งวันที่ 15 เมษายน ตอนนี้วันที่ 14 เมษายนแล้วครับ เปลี่ยนใจอยากยกเลิก ต้องเสียค่าอะไรมั้ย,4,"Manual KB answer. Cancellation policy says if a pre-order is cancelled less than 3 days before the scheduled ship date, a 5 percent processing fee is deducted. DuoPad product page also states scheduled shipping is 15 April and cancellations within 3 days before shipping incur a 5 percent fee. Best matching choice: 4.",manual_kb_answer,"['cancellation_policy.md', 'SF-SP-011_saifah_phone_duopad.md']","['knowledge_base/policies/cancellation_policy.md', 'knowledge_base/products/SF-SP-011_saifah_phone_duopad.md']",,True,manual_kb_answer,False
40,Watch S3 SE หน้าจอเป็น AMOLED ไหมครับ,8,"Manual KB answer. Watch S3 SE product page says the display is a 1.7-inch LCD TFT, not AMOLED. Best matching choice: 8.",manual_kb_answer,['WK-SW-004_wongkhojon_watch_s3_se.md'],['knowledge_base/products/WK-SW-004_wongkhojon_watch_s3_se.md'],,True,manual_kb_answer,False
